Date,Day,State,Price,Demand,NetExport
2018-07-15,Sun,NSW,51.71,7563.77,-1231.0900000000001
2018-07-16,Mon,NSW,87.91,8966.19,-18.629999999999995
2018-07-17,Tue,NSW,62.8,8050.47,-643.05
2018-07-18,Wed,NSW,54.48,7839.91,-742.36
2018-07-19,Thu,NSW,64.2,8168.44,-40.59000000000003
2018-07-20,Fri,NSW,60.89,8253.69,318.12
2018-07-21,Sat,NSW,59.09,7427.32,-549.8099999999998
2018-07-22,Sun,NSW,56.03,7492.25,-2054.19
2018-07-23,Mon,NSW,60.72,8382.37,-657.0400000000001
2018-07-24,Tue,NSW,60.47,7802.25,-321.77
2018-07-25,Wed,NSW,58.77,7741.68,275.85
2018-07-26,Thu,NSW,62.51,7973.8,20.29000000000002
2018-07-27,Fri,NSW,60.98,7782.05,-520.14
2018-07-28,Sat,NSW,53.95,7410.9,-1296.46
2018-07-29,Sun,NSW,59.7,7038.22,-1573.5100000000002
2018-07-30,Mon,NSW,54.36,7821.71,-787.15
2018-07-31,Tue,NSW,51.98,7866.29,-1217.2800000000002
2018-08-01,Wed,NSW,61.35,7767.75,-523.91
2018-08-02,Thu,NSW,56.05,7845.35,-1225.85
2018-08-03,Fri,NSW,64.07,7717.56,24.78
2018-08-04,Sat,NSW,62.18,7092.25,-1268.04
2018-08-05,Sun,NSW,55.53,6805.69,-1704.44
2018-08-06,Mon,NSW,74.15,8297.43,-208.81
2018-08-07,Tue,NSW,59.7,7956.95,-448.62999999999994
2018-08-08,Wed,NSW,62.7,7974.49,-796.31
2018-08-09,Thu,NSW,63.84,7735.77,-1141.34
2018-08-10,Fri,NSW,61.67,7517.81,-1175.19
2018-08-11,Sat,NSW,61,6935.3,-1536.75
2018-08-12,Sun,NSW,59.27,6983.53,-1689.75
2018-08-13,Mon,NSW,63.17,7780.89,-1088.9
2018-08-14,Tue,NSW,61.76,7566.55,-1331.78
2018-08-15,Wed,NSW,62.04,7581.19,-1127.51
2018-08-16,Thu,NSW,101.12,7436.41,-734.01
2018-08-17,Fri,NSW,61.14,7598.03,-1107.51
2018-08-18,Sat,NSW,61.41,7230.76,-1429.4099999999999
2018-08-19,Sun,NSW,61.1,7381.25,-1669.02
2018-08-20,Mon,NSW,70.08,8032.99,-708.6700000000001
2018-08-21,Tue,NSW,69.81,7952.98,-424.48
2018-08-22,Wed,NSW,73.54,8155.64,-346.44
2018-08-23,Thu,NSW,80,8248.25,-694.91
2018-08-24,Fri,NSW,76.39,7835.97,-898.79
2018-08-25,Sat,NSW,119.4,7803.69,-975.81
2018-08-26,Sun,NSW,86.86,7795.34,-1440.88
2018-08-27,Mon,NSW,86.74,8802.53,-1000.79
2018-08-28,Tue,NSW,85.85,8130.5,-581.56
2018-08-29,Wed,NSW,63.12,7508.96,-571.92
2018-08-30,Thu,NSW,91.75,8047.52,-1381.02
2018-08-31,Fri,NSW,95.44,8872.59,-1484.33
2018-09-01,Sat,NSW,78.14,6997.45,-305.0400000000001
2018-09-02,Sun,NSW,72.25,7262.97,-461.38000000000005
2018-09-03,Mon,NSW,131.95,8850.64,-1112.8400000000001
2018-09-04,Tue,NSW,94.51,8032.41,-623.63
2018-09-05,Wed,NSW,99.86,7977.19,-778.38
2018-09-06,Thu,NSW,134.4,8040.64,-861.48
2018-09-07,Fri,NSW,98.25,7720.97,-736.22
2018-09-08,Sat,NSW,92.79,7888.68,-1327.52
2018-09-09,Sun,NSW,56.85,6349.36,-1400.9699999999998
2018-09-10,Mon,NSW,72.96,7449.4,-868.46
2018-09-11,Tue,NSW,74.64,7407.73,-1550.21
2018-09-12,Wed,NSW,61.69,7490.01,-1027.3
2018-09-13,Thu,NSW,67.73,7342.53,-1387.27
2018-09-14,Fri,NSW,54.58,7316.82,-1439.8200000000002
2018-09-15,Sat,NSW,55.34,6948.79,-1622.1399999999999
2018-09-16,Sun,NSW,49.9,6397.92,-993.05
2018-09-17,Mon,NSW,59.66,7334.93,-1000.57
2018-09-18,Tue,NSW,66.82,7148.45,-377.49000000000007
2018-09-19,Wed,NSW,68.77,7395.88,-634.0799999999999
2018-09-20,Thu,NSW,83.5,7288.2,-392.95
2018-09-21,Fri,NSW,62.33,7182.31,-1165.71
2018-09-22,Sat,NSW,62.99,6674.02,-1300.48
2018-09-23,Sun,NSW,57.41,6415.34,-731.39
2018-09-24,Mon,NSW,71.31,8047.36,-363.09000000000003
2018-09-25,Tue,NSW,85.24,7639.67,-265.53
2018-09-26,Wed,NSW,116.89,8269.06,-590.91
2018-09-27,Thu,NSW,71.78,7223.61,-189.73999999999995
2018-09-28,Fri,NSW,55.76,7438.87,-885.6400000000001
2018-09-29,Sat,NSW,60.11,6460.62,-223.95
2018-09-30,Sun,NSW,65.31,6281.46,-1154.28
2018-10-01,Mon,NSW,59.87,6190.45,-173.91999999999996
2018-10-02,Tue,NSW,71.24,7481.71,-480.81000000000006
2018-10-03,Wed,NSW,93.74,7888.74,-551.83
2018-10-04,Thu,NSW,91.3,8240.59,-1267.8899999999999
2018-10-05,Fri,NSW,93.73,8212.85,-548.87
2018-10-06,Sat,NSW,163.8,6892.93,-146.94000000000005
2018-10-07,Sun,NSW,60.93,6965.78,-471.1199999999999
2018-10-08,Mon,NSW,89.84,7524.15,-277.5300000000001
2018-10-09,Tue,NSW,83.46,7725.77,-248.69
2018-10-10,Wed,NSW,97.17,8260.21,-770.37
2018-10-11,Thu,NSW,69.32,7871.3,-171.2
2018-10-12,Fri,NSW,81.32,7714.91,-50.80000000000001
2018-10-13,Sat,NSW,65.1,6923.83,14.990000000000009
2018-10-14,Sun,NSW,51.59,6730.18,-908.65
2018-10-15,Mon,NSW,74.77,7696.8,-362.68
2018-10-16,Tue,NSW,84.48,7727.94,-734.1800000000001
2018-10-17,Wed,NSW,180.59,8097.87,-1201.4099999999999
2018-10-18,Thu,NSW,134.17,7905.12,-1138.0900000000001
2018-10-19,Fri,NSW,110.5,7796.86,-1675.7800000000002
2018-10-20,Sat,NSW,61.8,7428.44,-1367.15
2018-10-21,Sun,NSW,80.85,6783.97,-631.4000000000001
2018-10-22,Mon,NSW,60.09,7569.3,-85.93
2018-10-23,Tue,NSW,60.47,8106.11,-257.08000000000004
2018-10-24,Wed,NSW,75.62,7670.29,185.65000000000003
2018-10-25,Thu,NSW,103.58,7670.58,-469.64000000000004
2018-10-26,Fri,NSW,92.61,7536.32,-102.52999999999997
2018-10-27,Sat,NSW,61.13,6755.48,-214.25
2018-10-28,Sun,NSW,67.71,6909.73,-171.38
2018-10-29,Mon,NSW,106.6,7605.43,328.52
2018-10-30,Tue,NSW,89.51,7882.74,112.26999999999998
2018-10-31,Wed,NSW,163.55,8359.46,-849.29
2018-11-01,Thu,NSW,120.55,9207.33,-1087.77
2018-11-02,Fri,NSW,110,10639.61,-1822.68
2018-11-03,Sat,NSW,79.87,9053.8,-622.22
2018-11-04,Sun,NSW,68.37,7447.25,348.1
2018-11-05,Mon,NSW,82.28,8932.91,11.480000000000018
2018-11-06,Tue,NSW,219.75,9714.26,-701.53
2018-11-07,Wed,NSW,70.41,8587.44,-516.3700000000001
2018-11-08,Thu,NSW,59.17,7169.85,512.5600000000001
2018-11-09,Fri,NSW,82.64,7279.41,-286.87
2018-11-10,Sat,NSW,59.53,6650.14,-62.870000000000005
2018-11-11,Sun,NSW,56.52,6587.12,-305.73
2018-11-12,Mon,NSW,112.66,7996.54,-87.99000000000001
2018-11-13,Tue,NSW,80.63,8373.75,-155.54000000000002
2018-11-14,Wed,NSW,99.2,8130.03,-679.53
2018-11-15,Thu,NSW,77.31,8098.3,-189.4
2018-11-16,Fri,NSW,85.01,7617.22,-635.75
2018-11-17,Sat,NSW,80.66,6784.52,-453.15000000000003
2018-11-18,Sun,NSW,74.47,6648.76,-181.83999999999997
2018-11-19,Mon,NSW,128.22,7595.82,406.8
2018-11-20,Tue,NSW,104.09,8294.41,95.34000000000003
2018-11-21,Wed,NSW,70.57,8266.93,370.82
2018-11-22,Thu,NSW,54.47,7339.05,225.85999999999999
2018-11-23,Fri,NSW,59.25,7076.66,365.63
2018-11-24,Sat,NSW,53.43,6491.66,210.2
2018-11-25,Sun,NSW,61.66,6578.8,714.3
2018-11-26,Mon,NSW,92.61,7634.42,633.04
2018-11-27,Tue,NSW,80.28,8270.42,-182.07
2018-11-28,Wed,NSW,64.71,8156.21,-184.34000000000003
2018-11-29,Thu,NSW,91.61,7616.15,-9.069999999999993
2018-11-30,Fri,NSW,71.12,7563.06,-263.3500000000001
2018-12-01,Sat,NSW,134.7,7512.16,-806.4000000000001
2018-12-02,Sun,NSW,86.25,8256.86,-662.26
2018-12-03,Mon,NSW,87.62,8447.58,-604.95
2018-12-04,Tue,NSW,124.18,8467.81,-757.13
2018-12-05,Wed,NSW,133.92,8069.38,-198.1
2018-12-06,Thu,NSW,64.82,8328.27,-225.57999999999998
2018-12-07,Fri,NSW,60.97,8593.45,-696.9999999999999
2018-12-08,Sat,NSW,90.79,8502.13,-162.84999999999997
2018-12-09,Sun,NSW,79.5,8614.06,-618.45
2018-12-10,Mon,NSW,97.9,9280.57,-545.73
2018-12-11,Tue,NSW,130.42,8532.46,-147.3
2018-12-12,Wed,NSW,94.96,8508.37,-144.28999999999996
2018-12-13,Thu,NSW,109.39,9414.01,-823.6500000000001
2018-12-14,Fri,NSW,107.02,8646.28,443.31
2018-12-15,Sat,NSW,88.36,8826.61,-1234.06
2018-12-16,Sun,NSW,102.78,8982.86,-786.42
2018-12-17,Mon,NSW,115.01,10034.7,-1573.33
2018-12-18,Tue,NSW,104.8,9608.16,-1518.84
2018-12-19,Wed,NSW,287.01,9281.84,-1456.54
2018-12-20,Thu,NSW,277.33,10980.05,-1917.37
2018-12-21,Fri,NSW,79.05,8181.13,-839.29
2018-12-22,Sat,NSW,63.93,6769.31,-564.5
2018-12-23,Sun,NSW,51.84,6410.11,-506.78000000000003
2018-12-24,Mon,NSW,61.45,7493.54,-306.1500000000001
2018-12-25,Tue,NSW,51.36,7396.39,-644.1099999999999
2018-12-26,Wed,NSW,95.08,8658.04,-1020.5099999999999
2018-12-27,Thu,NSW,118.87,10477.71,-1203.76
2018-12-28,Fri,NSW,235.33,10853,-1431.85
2018-12-29,Sat,NSW,87.94,10319.03,-1070.94
2018-12-30,Sun,NSW,109.29,10074.32,-1544.87
2018-12-31,Mon,NSW,88.87,10626.82,-1051.85
2019-01-01,Tue,NSW,92.96,9932.58,-1338.77
2019-01-02,Wed,NSW,108.24,10901.94,-1461.0100000000002
2019-01-03,Thu,NSW,120.09,10268.19,-809.4699999999999
2019-01-04,Fri,NSW,191.61,11293.18,-966.6200000000001
2019-01-05,Sat,NSW,97.22,10162.83,-1634.5900000000001
2019-01-06,Sun,NSW,62.56,7132.81,-426.90000000000003
2019-01-07,Mon,NSW,78.05,8555.78,145.01999999999998
2019-01-08,Tue,NSW,108.01,10275.02,-903.77
2019-01-09,Wed,NSW,110.08,10029.99,-986.1299999999999
2019-01-10,Thu,NSW,104.14,8820.69,41.28
2019-01-11,Fri,NSW,126.14,9606.14,-632.8800000000001
2019-01-12,Sat,NSW,113.84,10045.57,-1156.58
2019-01-13,Sun,NSW,63.75,8501.42,-347.04999999999995
2019-01-14,Mon,NSW,202.29,10955.27,-1053.8700000000001
2019-01-15,Tue,NSW,275.25,12447.64,-1764.4299999999998
2019-01-16,Wed,NSW,302.54,12875.99,-1361.4399999999998
2019-01-17,Thu,NSW,280.2,12870.55,-2102.71
2019-01-18,Fri,NSW,221.73,12976.16,-906.35
2019-01-19,Sat,NSW,75.27,9053.28,-835.28
2019-01-20,Sun,NSW,76.43,8638.32,-403.46000000000004
2019-01-21,Mon,NSW,127.06,10073.62,-560.64
2019-01-22,Tue,NSW,284.54,12121.4,-1643.98
2019-01-23,Wed,NSW,150.96,10920.22,-998.9100000000001
2019-01-24,Thu,NSW,196.59,10461.69,-1077.88
2019-01-25,Fri,NSW,258.43,12616.08,-1170.75
2019-01-26,Sat,NSW,218.84,11613.09,-1634.06
2019-01-27,Sun,NSW,98.43,10732.39,-1714.12
2019-01-28,Mon,NSW,187.58,9645.17,-1077.7199999999998
2019-01-29,Tue,NSW,270.94,12526.13,-899.0799999999999
2019-01-30,Wed,NSW,243.83,11899.53,-544.84
2019-01-31,Thu,NSW,153.06,13043.68,-1875.19
2019-02-01,Fri,NSW,88.47,8559.97,191.02999999999997
2019-02-02,Sat,NSW,81.57,8227.97,-181.98
2019-02-03,Sun,NSW,99.11,10008.05,-1070.09
2019-02-04,Mon,NSW,292.45,11815.99,-2127.49
2019-02-05,Tue,NSW,101.3,10445.73,-1038.71
2019-02-06,Wed,NSW,265.37,10688.94,-1120.4
2019-02-07,Thu,NSW,123.46,11038.88,-1071.51
2019-02-08,Fri,NSW,115.82,11242.69,-1203.53
2019-02-09,Sat,NSW,83.61,8856.57,-799.74
2019-02-10,Sun,NSW,68.08,7052.16,-492.59000000000003
2019-02-11,Mon,NSW,102.34,9366.73,-533.6800000000001
2019-02-12,Tue,NSW,95.59,11121.6,-936.47
2019-02-13,Wed,NSW,86.35,8586.78,-83.49999999999994
2019-02-14,Thu,NSW,97.13,8346.54,86.91
2019-02-15,Fri,NSW,110.02,8690.39,-242.09000000000003
2019-02-16,Sat,NSW,92.52,8155.92,-438.09000000000003
2019-02-17,Sun,NSW,110.68,9002.52,-812.26
2019-02-18,Mon,NSW,114.93,11280.17,-1397.99
2019-02-19,Tue,NSW,116.3,9755.48,-1044
2019-02-20,Wed,NSW,100.61,8726.61,-207.35000000000002
2019-02-21,Thu,NSW,95.67,8606.02,-73.78000000000002
2019-02-22,Fri,NSW,74.74,7939.05,325.3
2019-02-23,Sat,NSW,45.31,6892.59,100.16999999999999
2019-02-24,Sun,NSW,39.13,6819.08,-223.26
2019-02-25,Mon,NSW,82.1,8269.25,-500.64
2019-02-26,Tue,NSW,85.43,8775.06,-521.5799999999999
2019-02-27,Wed,NSW,80.3,8980.56,-394.51
2019-02-28,Thu,NSW,134.95,9447.55,-1314.05
2019-03-01,Fri,NSW,90.82,9457.75,-1052.75
2019-03-02,Sat,NSW,98.37,8403.92,-985.01
2019-03-03,Sun,NSW,99.3,8637.56,-1319.38
2019-03-04,Mon,NSW,140.49,10853.93,-1359.36
2019-03-05,Tue,NSW,113.48,10768.26,-1455.7800000000002
2019-03-06,Wed,NSW,93.27,9650.9,-1372.71
2019-03-07,Thu,NSW,102.62,8118.11,-28.659999999999997
2019-03-08,Fri,NSW,114.48,9259.4,-807.57
2019-03-09,Sat,NSW,66.01,7903.5,-1006.03
2019-03-10,Sun,NSW,72.22,8814.32,-789.79
2019-03-11,Mon,NSW,77.61,9668.33,-916.24
2019-03-12,Tue,NSW,78.3,10369.77,-529.25
2019-03-13,Wed,NSW,93.56,8617.13,470.21
2019-03-14,Thu,NSW,116.1,9287.7,-353.02
2019-03-15,Fri,NSW,110.81,8037.63,-172.72
2019-03-16,Sat,NSW,73.64,7446.57,-534.6400000000001
2019-03-17,Sun,NSW,73.03,7423.29,-113.84999999999997
2019-03-18,Mon,NSW,79.97,8218.41,73.03
2019-03-19,Tue,NSW,97.53,8452.5,-237.51
2019-03-20,Wed,NSW,126.05,8686.64,-347.69
2019-03-21,Thu,NSW,128.05,8843.06,-827.4100000000001
2019-03-22,Fri,NSW,136.64,8820,-1082.8600000000001
2019-03-23,Sat,NSW,151.39,8112.55,-1098.6
2019-03-24,Sun,NSW,119.3,8918.76,-1278.38
2019-03-25,Mon,NSW,95.46,8616.75,-968.8499999999999
2019-03-26,Tue,NSW,89.6,7884.51,-424.39000000000004
2019-03-27,Wed,NSW,93.59,7940.91,-386.00999999999993
2019-03-28,Thu,NSW,95.29,8234.93,-684.19
2019-03-29,Fri,NSW,91.91,8482.47,-1251.55
2019-03-30,Sat,NSW,54.08,6738.24,-400.3299999999999
2019-03-31,Sun,NSW,66.12,6269,-746.76
2019-04-01,Mon,NSW,100.63,7645.4,-820.5100000000001
2019-04-02,Tue,NSW,99.91,8033.56,-303.61999999999995
2019-04-03,Wed,NSW,96.7,7875.63,-803.7900000000001
2019-04-04,Thu,NSW,85.9,8175.43,-1044.1
2019-04-05,Fri,NSW,84.58,8091.01,-808.36
2019-04-06,Sat,NSW,81.41,7190.25,-439.28000000000003
2019-04-07,Sun,NSW,63.23,7271.89,-1202.28
2019-04-08,Mon,NSW,121.16,8939.21,-1028.99
2019-04-09,Tue,NSW,91.52,8348.59,-503.08000000000004
2019-04-10,Wed,NSW,85.03,7542.03,-321.15
2019-04-11,Thu,NSW,100.57,7704.06,-778.24
2019-04-12,Fri,NSW,110,7568.92,-522.34
2019-04-13,Sat,NSW,80.25,7029.24,-825.8299999999999
2019-04-14,Sun,NSW,99,6807.58,-798.1300000000001
2019-04-15,Mon,NSW,100.36,7731.39,-905.21
2019-04-16,Tue,NSW,108.62,7874.01,-969.49
2019-04-17,Wed,NSW,138.24,7999.15,-843.8100000000002
2019-04-18,Thu,NSW,110.85,8044.87,-1051.6
2019-04-19,Fri,NSW,75.3,6639.92,-878.15
2019-04-20,Sat,NSW,84.79,6875.95,-1120.1599999999999
2019-04-21,Sun,NSW,54.87,6779.09,-859.6500000000001
2019-04-22,Mon,NSW,85.88,7216.5,-815.68
2019-04-23,Tue,NSW,82.6,8001.35,-419.07
2019-04-24,Wed,NSW,72.04,7892.12,-256.39
2019-04-25,Thu,NSW,42.74,6888.16,-1195.06
2019-04-26,Fri,NSW,54.69,7653.32,-541.23
2019-04-27,Sat,NSW,55.76,6563.8,-361.21000000000004
2019-04-28,Sun,NSW,55.57,6533.5,-273.28
2019-04-29,Mon,NSW,63.74,7802.21,-124.66000000000003
2019-04-30,Tue,NSW,87.44,7992.93,-14.400000000000006
2019-05-01,Wed,NSW,92.07,8182.88,-88.02999999999997
2019-05-02,Thu,NSW,99.11,8395.26,-339.93
2019-05-03,Fri,NSW,92,8378.17,-310.04999999999995
2019-05-04,Sat,NSW,62.56,6944.35,538.5
2019-05-05,Sun,NSW,64.01,7063.71,-464.44
2019-05-06,Mon,NSW,83.38,7606.94,-248.6400000000001
2019-05-07,Tue,NSW,53.73,7535.88,-42.54000000000002
2019-05-08,Wed,NSW,60.47,7670.86,-19.789999999999964
2019-05-09,Thu,NSW,81.46,7644.83,-395.91999999999996
2019-05-10,Fri,NSW,86.94,8357.88,-433.67
2019-05-11,Sat,NSW,54.38,7039.98,-202.67000000000007
2019-05-12,Sun,NSW,57.95,6849.38,-255.61
2019-05-13,Mon,NSW,73.11,7900.68,-580.55
2019-05-14,Tue,NSW,73.03,7753.58,-16.409999999999997
2019-05-15,Wed,NSW,95.36,7758.22,-534.51
2019-05-16,Thu,NSW,95.46,7848.94,-783.3299999999999
2019-05-17,Fri,NSW,84.64,7659.98,-831.7499999999999
2019-05-18,Sat,NSW,71.62,6987.47,-457.04
2019-05-19,Sun,NSW,64.67,7134.64,-728.6800000000001
2019-05-20,Mon,NSW,73.35,8046.36,-654.36
2019-05-21,Tue,NSW,80.18,7818.17,-113.26999999999998
2019-05-22,Wed,NSW,98.52,7998.31,-677.92
2019-05-23,Thu,NSW,71.65,7881.41,-1089.69
2019-05-24,Fri,NSW,72.03,7886.11,-1045.85
2019-05-25,Sat,NSW,58.02,6956.94,-447.02
2019-05-26,Sun,NSW,53.75,6714.39,-751.12
2019-05-27,Mon,NSW,75.1,8522.37,-402.60999999999996
2019-05-28,Tue,NSW,69.69,8210.82,-183.59999999999997
2019-05-29,Wed,NSW,69.72,8090.9,-599.08
2019-05-30,Thu,NSW,67.68,8169.08,59.610000000000014
2019-05-31,Fri,NSW,86.26,8321.66,-265.46
2019-06-01,Sat,NSW,96.94,7740.04,-682.2199999999999
2019-06-02,Sun,NSW,99.03,7776.47,-808.5899999999999
2019-06-03,Mon,NSW,71.5,8549.77,-450.9600000000001
2019-06-04,Tue,NSW,94.77,9585.67,-328.19
2019-06-05,Wed,NSW,105.99,8961.93,-416.46
2019-06-06,Thu,NSW,116.51,8190.93,-703.9499999999999
2019-06-07,Fri,NSW,114.03,8586.81,-597.14
2019-06-08,Sat,NSW,124.69,8618.53,-1233.3
2019-06-09,Sun,NSW,69.07,7067.97,-779.13
2019-06-10,Mon,NSW,65.53,7149.47,-1015.1099999999999
2019-06-11,Tue,NSW,65.14,7713.21,-1334.35
2019-06-12,Wed,NSW,70.82,7953.36,-566.0899999999999
2019-06-13,Thu,NSW,76.56,7934.25,-842.8199999999999
2019-06-14,Fri,NSW,69.48,7905.12,-753.54
2019-06-15,Sat,NSW,67.61,7352.9,-525.03
2019-06-16,Sun,NSW,97.08,8380.33,-988.2
2019-06-17,Mon,NSW,70.75,8819.69,-735.22
2019-06-18,Tue,NSW,65.69,8537.43,-359.45
2019-06-19,Wed,NSW,68.14,8087.17,-515.5699999999999
2019-06-20,Thu,NSW,76.06,9002.36,-388.04
2019-06-21,Fri,NSW,64.27,8610.76,-814.55
2019-06-22,Sat,NSW,63.33,8680.65,-926.26
2019-06-23,Sun,NSW,68.56,8774.25,-561.75
2019-06-24,Mon,NSW,68.34,9376.39,-116.31
2019-06-25,Tue,NSW,78.71,8848.68,159.08999999999997
2019-06-26,Wed,NSW,69.21,8387.91,288.5
2019-06-27,Thu,NSW,53.43,8221.25,-591.6800000000001
2019-06-28,Fri,NSW,53.43,7936.42,-835.0999999999999
2019-06-29,Sat,NSW,53.43,7399.7,-135.13
2019-06-30,Sun,NSW,32.38,7095.69,-1108.99
2019-07-01,Mon,NSW,64.19,8497.89,-317.87
2019-07-02,Tue,NSW,67.87,8125.03,-267.99
2019-07-03,Wed,NSW,61.05,8514.08,-274.15
2019-07-04,Thu,NSW,72.03,8669.59,-33.19
2019-07-05,Fri,NSW,69.95,8497.67,-144.42000000000004
2019-07-06,Sat,NSW,61.43,7396.07,-602.61
2019-07-07,Sun,NSW,66.94,7421.79,-387.96000000000004
2019-07-08,Mon,NSW,69.57,8490.8,-256.63999999999993
2019-07-09,Tue,NSW,64.15,7983.27,-598.49
2019-07-10,Wed,NSW,74.93,8222.38,-639.0500000000001
2019-07-11,Thu,NSW,58.26,8095.83,-107.07
2019-07-12,Fri,NSW,58.34,8130.09,-575.55
2019-07-13,Sat,NSW,37.52,7655.75,-584.64
2019-07-14,Sun,NSW,46.32,7746.06,-424.59999999999997
2019-07-15,Mon,NSW,48.37,8154.31,-318.64
2019-07-16,Tue,NSW,58.1,8093.29,-306.95
2019-07-17,Wed,NSW,50.91,7868.34,212.28
2019-07-18,Thu,NSW,47.07,7767.16,-366.84
2019-07-19,Fri,NSW,53.9,7833.83,-85.19
2019-07-20,Sat,NSW,37.3,6980.41,-1302.54
2019-07-21,Sun,NSW,33.06,6703.43,-1368.42
2019-07-22,Mon,NSW,57.72,7812.93,-929.5999999999999
2019-07-23,Tue,NSW,52.7,7504.86,120.16999999999999
2019-07-24,Wed,NSW,49.72,7655.18,-376.05999999999995
2019-07-25,Thu,NSW,58.46,7897.61,-536.8700000000001
2019-07-26,Fri,NSW,71.59,8344.17,-567.68
2019-07-27,Sat,NSW,58.8,7400.93,-479.91999999999996
2019-07-28,Sun,NSW,56.7,7031.95,-365.65999999999997
2019-07-29,Mon,NSW,63.83,8447.36,-256.31000000000006
2019-07-30,Tue,NSW,58.02,8506.68,-350.45000000000005
2019-07-31,Wed,NSW,58.24,8249.21,-93.12000000000003
2019-08-01,Thu,NSW,57.62,7728.39,-128.07000000000005
2019-08-02,Fri,NSW,58.49,7842.29,-269.08000000000004
2019-08-03,Sat,NSW,50.48,6950.6,-299.65999999999997
2019-08-04,Sun,NSW,40.46,7210.02,-781.35
2019-08-05,Mon,NSW,57.95,7717.65,-528.71
2019-08-06,Tue,NSW,57.82,7589.8,-247.52999999999997
2019-08-07,Wed,NSW,62.59,7561.11,161.27999999999997
2019-08-08,Thu,NSW,58.84,7839.66,-205.08999999999997
2019-08-09,Fri,NSW,58.55,7924.71,-531.5999999999999
2019-08-10,Sat,NSW,58.01,7923.55,-648.47
2018-07-15,Sun,QLD,47.83,5144.47,486.48
2018-07-16,Mon,QLD,78.71,5906.82,792.61
2018-07-17,Tue,QLD,59.35,5660.44,407.75
2018-07-18,Wed,QLD,52.87,5715.31,249.64
2018-07-19,Thu,QLD,59.79,5803.83,511.84000000000003
2018-07-20,Fri,QLD,61.07,6250.93,150.99
2018-07-21,Sat,QLD,48.72,5158.42,1072.6399999999999
2018-07-22,Sun,QLD,47.38,5293.63,997.6
2018-07-23,Mon,QLD,53.8,5991.5,725.5100000000001
2018-07-24,Tue,QLD,58.76,5882.54,263.96999999999997
2018-07-25,Wed,QLD,57.29,6118.92,270.76
2018-07-26,Thu,QLD,59.73,5831.5,328.13
2018-07-27,Fri,QLD,57.13,5740.06,456.57
2018-07-28,Sat,QLD,50.41,5296.09,467.21
2018-07-29,Sun,QLD,54.45,5281.55,591.8100000000001
2018-07-30,Mon,QLD,52.55,5685.98,286.96
2018-07-31,Tue,QLD,49.17,5682.21,413.58000000000004
2018-08-01,Wed,QLD,55.38,5719.84,656.03
2018-08-02,Thu,QLD,53.81,5618.53,316.3
2018-08-03,Fri,QLD,62.94,5761.39,163.87
2018-08-04,Sat,QLD,59.55,5286.64,342.55
2018-08-05,Sun,QLD,52.52,5212.27,404.26
2018-08-06,Mon,QLD,72.72,6070.6,242.52
2018-08-07,Tue,QLD,61.83,5984.45,-79.54
2018-08-08,Wed,QLD,59.56,5600.36,377.51
2018-08-09,Thu,QLD,58.81,5509.88,598.04
2018-08-10,Fri,QLD,60.24,5683.64,249.73
2018-08-11,Sat,QLD,56,5260.03,642.13
2018-08-12,Sun,QLD,51.59,4995.79,662.76
2018-08-13,Mon,QLD,54.32,5521.06,920.85
2018-08-14,Tue,QLD,58.51,5560.83,463.82
2018-08-15,Wed,QLD,57.62,5461.41,492.70000000000005
2018-08-16,Thu,QLD,91.61,5814.28,663.9
2018-08-17,Fri,QLD,59.37,5662.17,269.36
2018-08-18,Sat,QLD,57.33,5170.35,539.05
2018-08-19,Sun,QLD,52.46,4986.6,951.58
2018-08-20,Mon,QLD,62.31,5555.1,766.97
2018-08-21,Tue,QLD,61.8,5555.06,765.25
2018-08-22,Wed,QLD,66.79,5561.5,655.01
2018-08-23,Thu,QLD,74.71,5701.6,468.63
2018-08-24,Fri,QLD,74.66,5761.66,277.74
2018-08-25,Sat,QLD,120.78,5290.4,93.57
2018-08-26,Sun,QLD,46.26,5600.27,445.08000000000004
2018-08-27,Mon,QLD,74.24,5687.53,1003.9399999999999
2018-08-28,Tue,QLD,75.93,5692.18,803.52
2018-08-29,Wed,QLD,59.48,5573.7,399.26
2018-08-30,Thu,QLD,79.2,5659.67,949.7
2018-08-31,Fri,QLD,79.28,5479.26,1114.99
2018-09-01,Sat,QLD,70.68,5109,648.0400000000001
2018-09-02,Sun,QLD,62.73,5033.25,830.9200000000001
2018-09-03,Mon,QLD,120.11,6140.66,644.49
2018-09-04,Tue,QLD,88.4,6032.34,491.96000000000004
2018-09-05,Wed,QLD,93.68,6015.79,451.02
2018-09-06,Thu,QLD,122.12,6005.76,843.99
2018-09-07,Fri,QLD,83.51,5804.03,1039.54
2018-09-08,Sat,QLD,84.21,5844.97,673.28
2018-09-09,Sun,QLD,51.52,5050.89,611.9599999999999
2018-09-10,Mon,QLD,62.8,5644.24,901.25
2018-09-11,Tue,QLD,67.52,5783.41,723.15
2018-09-12,Wed,QLD,56,5650.28,643.81
2018-09-13,Thu,QLD,62.12,5768.72,544.65
2018-09-14,Fri,QLD,49.69,5747.12,599.8000000000001
2018-09-15,Sat,QLD,47.84,5308.77,787.87
2018-09-16,Sun,QLD,45.02,5260.58,620.8599999999999
2018-09-17,Mon,QLD,55.67,5739.86,411.73
2018-09-18,Tue,QLD,60.37,5675.19,699.6800000000001
2018-09-19,Wed,QLD,64.53,5729.8,395.88
2018-09-20,Thu,QLD,75.88,6036.14,607.5
2018-09-21,Fri,QLD,53.9,5624.32,916.51
2018-09-22,Sat,QLD,57.86,5220.5,535.1800000000001
2018-09-23,Sun,QLD,52.8,5084.48,485.4
2018-09-24,Mon,QLD,65.5,6079.96,521.96
2018-09-25,Tue,QLD,79.64,6254.65,504.27
2018-09-26,Wed,QLD,102.92,6073.12,773.5699999999999
2018-09-27,Thu,QLD,68.9,5965.46,277.41999999999996
2018-09-28,Fri,QLD,53.57,5885.28,342.39000000000004
2018-09-29,Sat,QLD,59.44,5576.8,96.69
2018-09-30,Sun,QLD,57.45,5495.74,792.4499999999999
2018-10-01,Mon,QLD,53.34,5029.19,673.1999999999999
2018-10-02,Tue,QLD,65.33,5638.48,578.6700000000001
2018-10-03,Wed,QLD,83.62,5804.29,728.1600000000001
2018-10-04,Thu,QLD,79.69,5862.25,810.66
2018-10-05,Fri,QLD,90.24,6245,324.91
2018-10-06,Sat,QLD,-174.83,5699.21,710.12
2018-10-07,Sun,QLD,54.4,5321.78,728.3699999999999
2018-10-08,Mon,QLD,81.89,6255.3,589.1400000000001
2018-10-09,Tue,QLD,77.74,6331.56,437.95
2018-10-10,Wed,QLD,69.14,6433.46,303.55
2018-10-11,Thu,QLD,71.13,6399.69,-36.47
2018-10-12,Fri,QLD,80.23,6430.27,193.74
2018-10-13,Sat,QLD,63.69,5923.01,166.67
2018-10-14,Sun,QLD,48.02,5850.13,448.96999999999997
2018-10-15,Mon,QLD,68.52,6347.44,628.22
2018-10-16,Tue,QLD,74.35,6247.76,831.25
2018-10-17,Wed,QLD,100.28,6231.48,505.1
2018-10-18,Thu,QLD,65.93,6293.76,469.13
2018-10-19,Fri,QLD,95.17,6125.26,942.2
2018-10-20,Sat,QLD,57.56,5472.61,509.49
2018-10-21,Sun,QLD,77.49,6065.38,321.24
2018-10-22,Mon,QLD,62.74,6332.58,-163.01999999999998
2018-10-23,Tue,QLD,63.77,6320.63,-201.35999999999999
2018-10-24,Wed,QLD,74.19,6869.86,269.9
2018-10-25,Thu,QLD,97.12,6574.75,506.59000000000003
2018-10-26,Fri,QLD,89.15,7230.15,343.9
2018-10-27,Sat,QLD,57.2,5851.71,446.88
2018-10-28,Sun,QLD,63.89,6066.65,406.14
2018-10-29,Mon,QLD,106.97,6859.08,64.82
2018-10-30,Tue,QLD,84.09,6223.35,429.27
2018-10-31,Wed,QLD,149.11,6427.96,619.31
2018-11-01,Thu,QLD,111.02,6441.77,619.3900000000001
2018-11-02,Fri,QLD,95.06,6348.98,976.58
2018-11-03,Sat,QLD,82.97,6001.43,-124.53
2018-11-04,Sun,QLD,77.36,6633.81,-307.5
2018-11-05,Mon,QLD,150.03,7804.3,-344.96000000000004
2018-11-06,Tue,QLD,234.2,7899.94,-165.98000000000002
2018-11-07,Wed,QLD,103.66,7738.08,-351.2
2018-11-08,Thu,QLD,59.16,6168.29,65.29
2018-11-09,Fri,QLD,80.11,6102.76,250.79000000000002
2018-11-10,Sat,QLD,56.64,5595.63,351.11
2018-11-11,Sun,QLD,52.36,5398.37,500.25
2018-11-12,Mon,QLD,103.26,6308.61,625.23
2018-11-13,Tue,QLD,78.11,6376.27,274.68
2018-11-14,Wed,QLD,101,6598.95,1.5299999999999998
2018-11-15,Thu,QLD,78.41,6936.79,48.29
2018-11-16,Fri,QLD,84.91,6903.06,104.39
2018-11-17,Sat,QLD,80.03,6478.97,90.11
2018-11-18,Sun,QLD,67.83,5860.38,577.03
2018-11-19,Mon,QLD,123.64,6471.77,322.42
2018-11-20,Tue,QLD,96.97,6484.47,504.98
2018-11-21,Wed,QLD,101.27,7386.51,-228.38
2018-11-22,Thu,QLD,63.14,6905.05,-419.13
2018-11-23,Fri,QLD,60.64,6401.81,-29.1
2018-11-24,Sat,QLD,50.77,5827.67,380.2
2018-11-25,Sun,QLD,65.17,6718.48,-321.40999999999997
2018-11-26,Mon,QLD,98.95,7583.38,-277.7
2018-11-27,Tue,QLD,78.51,7199.99,301.86
2018-11-28,Wed,QLD,85.1,8357.17,-286.2
2018-11-29,Thu,QLD,95.76,7705.19,-87.61000000000001
2018-11-30,Fri,QLD,82.81,7451.62,-311.59
2018-12-01,Sat,QLD,143.32,7540.61,-148.54000000000002
2018-12-02,Sun,QLD,148.15,8297.17,-329.09
2018-12-03,Mon,QLD,90.11,8083.37,37.44
2018-12-04,Tue,QLD,118.47,7947.5,404.62
2018-12-05,Wed,QLD,132.78,7021.2,182.47
2018-12-06,Thu,QLD,60.7,6450.37,517.54
2018-12-07,Fri,QLD,55.15,6544.93,730.8299999999999
2018-12-08,Sat,QLD,82.34,6073.73,627.05
2018-12-09,Sun,QLD,71.06,5915.89,746.23
2018-12-10,Mon,QLD,91.55,7065.28,526.87
2018-12-11,Tue,QLD,127.15,7158.87,302.04
2018-12-12,Wed,QLD,90.9,7122.83,452.03
2018-12-13,Thu,QLD,111.49,7338.01,92.7
2018-12-14,Fri,QLD,113.26,7611.6,-189.22
2018-12-15,Sat,QLD,85.59,7107.9,303.54
2018-12-16,Sun,QLD,87.82,6683.09,935.66
2018-12-17,Mon,QLD,100.53,7409.11,933.99
2018-12-18,Tue,QLD,93.74,7562.83,766.66
2018-12-19,Wed,QLD,242.15,7738.3,1097.51
2018-12-20,Thu,QLD,243.81,8252.05,775.5999999999999
2018-12-21,Fri,QLD,85.29,8811.55,-195.27999999999997
2018-12-22,Sat,QLD,86.46,7920.89,-211.52000000000004
2018-12-23,Sun,QLD,48.54,5902.26,477.40000000000003
2018-12-24,Mon,QLD,53.29,5935.22,882.69
2018-12-25,Tue,QLD,38.87,5156.36,1056.12
2018-12-26,Wed,QLD,57.8,5436.15,1074.61
2018-12-27,Thu,QLD,69,6217.21,1157.28
2018-12-28,Fri,QLD,82.17,6421.95,1226.73
2018-12-29,Sat,QLD,77.22,6194.67,892.34
2018-12-30,Sun,QLD,90.95,6352.33,1020.74
2018-12-31,Mon,QLD,77.96,6657.74,907.9599999999999
2019-01-01,Tue,QLD,80.21,6414.12,918.8700000000001
2019-01-02,Wed,QLD,96.37,7071.72,819.44
2019-01-03,Thu,QLD,109.1,7140.38,693.5999999999999
2019-01-04,Fri,QLD,117.73,7102.14,1235.6100000000001
2019-01-05,Sat,QLD,88.15,6736.1,710.36
2019-01-06,Sun,QLD,63.25,6825.61,-3.6400000000000006
2019-01-07,Mon,QLD,76.84,7558.48,206.24
2019-01-08,Tue,QLD,102.48,7101.96,448.37
2019-01-09,Wed,QLD,105.51,7453.49,361.71
2019-01-10,Thu,QLD,106.7,7282.27,-4.33
2019-01-11,Fri,QLD,107.35,7094.74,1033.17
2019-01-12,Sat,QLD,102.87,6472.03,704.13
2019-01-13,Sun,QLD,62.33,6542.49,236.67
2019-01-14,Mon,QLD,115.45,7448.44,1144.41
2019-01-15,Tue,QLD,104.68,7658.78,1128.8
2019-01-16,Wed,QLD,179.26,7826.37,1328.33
2019-01-17,Thu,QLD,136.82,7619.37,1365.78
2019-01-18,Fri,QLD,83.58,7669.11,648.22
2019-01-19,Sat,QLD,73.41,7212.86,319.09999999999997
2019-01-20,Sun,QLD,73.64,7112.24,286.31
2019-01-21,Mon,QLD,111.51,8081.12,912.53
2019-01-22,Tue,QLD,159.52,8020.49,1324.58
2019-01-23,Wed,QLD,137.83,8296.64,731.23
2019-01-24,Thu,QLD,172.74,8387.04,930.19
2019-01-25,Fri,QLD,182.48,8292.57,1290.51
2019-01-26,Sat,QLD,87.07,7060.5,1337.79
2019-01-27,Sun,QLD,83.52,6984.51,1030.87
2019-01-28,Mon,QLD,132.55,7211.85,1166.12
2019-01-29,Tue,QLD,153.8,7771.98,1263.35
2019-01-30,Wed,QLD,148.34,7973.62,1210.47
2019-01-31,Thu,QLD,130.74,7992.27,1051.19
2019-02-01,Fri,QLD,90.71,7806.96,70.74
2019-02-02,Sat,QLD,78.58,6766.58,347.14
2019-02-03,Sun,QLD,81.54,6451.05,1135.87
2019-02-04,Mon,QLD,100.67,7020.14,1207.1599999999999
2019-02-05,Tue,QLD,90.7,7367.36,805.2
2019-02-06,Wed,QLD,83.26,7072.41,1118.72
2019-02-07,Thu,QLD,99.24,7348.45,1077.09
2019-02-08,Fri,QLD,105.07,7385.81,751.99
2019-02-09,Sat,QLD,87.95,7249.88,-176.67999999999998
2019-02-10,Sun,QLD,81.96,7401.84,-369.64
2019-02-11,Mon,QLD,105.03,7967.16,50.699999999999996
2019-02-12,Tue,QLD,102.74,8738.53,-111.05999999999999
2019-02-13,Wed,QLD,105.43,9154.39,-448.29
2019-02-14,Thu,QLD,100.84,8192.95,-46
2019-02-15,Fri,QLD,104.89,7417.7,417.83000000000004
2019-02-16,Sat,QLD,83.22,6557.21,679.38
2019-02-17,Sun,QLD,97.95,6410.76,791.9399999999999
2019-02-18,Mon,QLD,104.2,7382.69,694.35
2019-02-19,Tue,QLD,107.72,7883.45,574.78
2019-02-20,Wed,QLD,103.92,8230.01,-48.7
2019-02-21,Thu,QLD,93.78,8116.73,199.86
2019-02-22,Fri,QLD,75.99,7227.67,2.88
2019-02-23,Sat,QLD,44.51,6441.95,183.66
2019-02-24,Sun,QLD,35.84,6059.25,591.89
2019-02-25,Mon,QLD,75.29,6842.56,745.1
2019-02-26,Tue,QLD,78.48,6652.1,621.5899999999999
2019-02-27,Wed,QLD,73.76,6705.26,638.87
2019-02-28,Thu,QLD,90.03,6704.76,1191.96
2019-03-01,Fri,QLD,74.1,6706,1145.44
2019-03-02,Sat,QLD,82.83,5974.97,1026.73
2019-03-03,Sun,QLD,76.64,5970.56,1199.67
2019-03-04,Mon,QLD,83.21,6689.93,1260.84
2019-03-05,Tue,QLD,95.32,7100.47,1139.63
2019-03-06,Wed,QLD,88.55,7676.47,418.02
2019-03-07,Thu,QLD,100.93,7758.98,184.37
2019-03-08,Fri,QLD,104.55,7260.12,659.35
2019-03-09,Sat,QLD,61.03,6783.15,532.67
2019-03-10,Sun,QLD,72.87,7109.2,13.129999999999999
2019-03-11,Mon,QLD,82.49,8778.76,-89.8
2019-03-12,Tue,QLD,81.55,8753.1,-64.16
2019-03-13,Wed,QLD,98.7,8335.73,-190.89
2019-03-14,Thu,QLD,116.27,8130.46,189.92000000000002
2019-03-15,Fri,QLD,111.79,8502.94,126.4
2019-03-16,Sat,QLD,64.99,6344.21,801.85
2019-03-17,Sun,QLD,68.36,6510.83,407.46
2019-03-18,Mon,QLD,79.31,7386,129.68
2019-03-19,Tue,QLD,97.45,7414.01,153.84
2019-03-20,Wed,QLD,125.01,7985.02,132.10999999999999
2019-03-21,Thu,QLD,122.7,7808.35,405.8
2019-03-22,Fri,QLD,124.19,7723.1,724.9300000000001
2019-03-23,Sat,QLD,138.73,7525.21,593.27
2019-03-24,Sun,QLD,114.63,7980.46,420.89
2019-03-25,Mon,QLD,98.46,8485.52,-25.580000000000002
2019-03-26,Tue,QLD,87.93,8179.04,332.53000000000003
2019-03-27,Wed,QLD,86.41,7338.83,575.06
2019-03-28,Thu,QLD,82.21,6885.1,951.51
2019-03-29,Fri,QLD,79.99,6958.48,916.61
2019-03-30,Sat,QLD,71.86,6910.39,-415.84000000000003
2019-03-31,Sun,QLD,56.28,5397.53,918.8299999999999
2019-04-01,Mon,QLD,84.75,6360.32,1067.43
2019-04-02,Tue,QLD,88.13,6504.84,788.42
2019-04-03,Wed,QLD,84.03,6590.67,902.57
2019-04-04,Thu,QLD,72.17,6414.96,1058.83
2019-04-05,Fri,QLD,64.08,5899.53,1277.71
2019-04-06,Sat,QLD,71.49,5658.86,777.94
2019-04-07,Sun,QLD,60.93,5709.18,305.53000000000003
2019-04-08,Mon,QLD,115.12,6574.25,428.51
2019-04-09,Tue,QLD,80.85,6782.21,809.32
2019-04-10,Wed,QLD,76.46,6607.49,666.64
2019-04-11,Thu,QLD,87.14,6329.89,848.9
2019-04-12,Fri,QLD,93.05,6473.53,1007.45
2019-04-13,Sat,QLD,58.75,5596.07,1204.25
2019-04-14,Sun,QLD,58.31,5530.01,1197.46
2019-04-15,Mon,QLD,86.88,6366.67,926.25
2019-04-16,Tue,QLD,93.74,6364.2,901.52
2019-04-17,Wed,QLD,114.16,6305.46,1037.1100000000001
2019-04-18,Thu,QLD,81.66,6372.6,1135.27
2019-04-19,Fri,QLD,65.25,5656.08,749.4
2019-04-20,Sat,QLD,72.64,5904.3,805.27
2019-04-21,Sun,QLD,42.43,5465.69,939.21
2019-04-22,Mon,QLD,72.57,5907.96,849.04
2019-04-23,Tue,QLD,77.63,6653,449.83
2019-04-24,Wed,QLD,67.78,6484.69,385.43
2019-04-25,Thu,QLD,39.05,5687.41,530.25
2019-04-26,Fri,QLD,56.82,6425.02,-142.15
2019-04-27,Sat,QLD,51.33,5790.71,500.42
2019-04-28,Sun,QLD,49.33,5619.86,732.75
2019-04-29,Mon,QLD,59.82,6449.16,444.98
2019-04-30,Tue,QLD,87.74,6620.9,144.62
2019-05-01,Wed,QLD,87.48,6416.06,299.46999999999997
2019-05-02,Thu,QLD,95.77,6484.97,413.36
2019-05-03,Fri,QLD,86.61,6660.82,435.15
2019-05-04,Sat,QLD,65.31,6253.6,-159.36
2019-05-05,Sun,QLD,56.17,5247.52,790.03
2019-05-06,Mon,QLD,42.87,5121.79,1053.1100000000001
2019-05-07,Tue,QLD,50.51,5832.64,448.22
2019-05-08,Wed,QLD,57.72,6038.02,389.53999999999996
2019-05-09,Thu,QLD,72.82,6029.96,659.18
2019-05-10,Fri,QLD,86.22,6521.66,174.86
2019-05-11,Sat,QLD,47.06,5256.85,876.83
2019-05-12,Sun,QLD,52.12,5338.65,671.59
2019-05-13,Mon,QLD,73.45,6386.42,66.51
2019-05-14,Tue,QLD,72.58,6454.88,113.17
2019-05-15,Wed,QLD,93.82,6416,207.87
2019-05-16,Thu,QLD,86.22,6251.49,732.79
2019-05-17,Fri,QLD,74.55,6254.55,809.1299999999999
2019-05-18,Sat,QLD,62.29,5772.83,883.25
2019-05-19,Sun,QLD,55.85,5648.37,919.46
2019-05-20,Mon,QLD,64.75,6446.44,839.02
2019-05-21,Tue,QLD,70.56,6177.42,794
2019-05-22,Wed,QLD,84.78,6173.95,892.6899999999999
2019-05-23,Thu,QLD,62.83,6138.64,840.22
2019-05-24,Fri,QLD,62.08,6078.53,963.4599999999999
2019-05-25,Sat,QLD,56.21,5674.15,226.19
2019-05-26,Sun,QLD,52.6,5700.83,184.25
2019-05-27,Mon,QLD,70.65,6174.95,450.15999999999997
2019-05-28,Tue,QLD,64.63,5857,507.83
2019-05-29,Wed,QLD,62.46,5879.69,651.26
2019-05-30,Thu,QLD,63.35,5942.7,446.96999999999997
2019-05-31,Fri,QLD,80.91,6026.22,478.59
2019-06-01,Sat,QLD,89.35,5827.77,552.6999999999999
2019-06-02,Sun,QLD,93.43,5821.47,439.34
2019-06-03,Mon,QLD,65.63,5996.94,596.2800000000001
2019-06-04,Tue,QLD,205.9,6007.15,573.51
2019-06-05,Wed,QLD,114.99,6089.55,460
2019-06-06,Thu,QLD,112.31,6109.2,655.2099999999999
2019-06-07,Fri,QLD,112.2,6453.79,458.36
2019-06-08,Sat,QLD,127.59,6549.03,233.33
2019-06-09,Sun,QLD,65.12,5542.91,394.46
2019-06-10,Mon,QLD,65.14,6007.01,110.44
2019-06-11,Tue,QLD,61.26,5962.78,451.26
2019-06-12,Wed,QLD,67.77,6102.42,317.53999999999996
2019-06-13,Thu,QLD,70.31,6038.65,558.8299999999999
2019-06-14,Fri,QLD,63.78,5970.78,550.42
2019-06-15,Sat,QLD,61.01,5649.86,709.84
2019-06-16,Sun,QLD,84.06,5862.41,942.32
2019-06-17,Mon,QLD,62.59,5835.49,879.32
2019-06-18,Tue,QLD,60.04,5836.92,548
2019-06-19,Wed,QLD,61.34,5886.69,646.27
2019-06-20,Thu,QLD,71.53,6338.82,475.31
2019-06-21,Fri,QLD,55.43,5674.46,955.38
2019-06-22,Sat,QLD,50.92,5256.28,1098.2
2019-06-23,Sun,QLD,60.09,5560.87,810.12
2019-06-24,Mon,QLD,63.94,5829.61,500.31
2019-06-25,Tue,QLD,73.58,6377.51,487.67
2019-06-26,Wed,QLD,69.95,6681.18,73.17
2019-06-27,Thu,QLD,52.91,5954.98,169.51999999999998
2019-06-28,Fri,QLD,52.62,5923.29,206.95
2019-06-29,Sat,QLD,51.38,5469.55,307.77
2019-06-30,Sun,QLD,29.27,5206.26,660.52
2019-07-01,Mon,QLD,62.05,5924.42,221.75
2019-07-02,Tue,QLD,62.08,5890.25,539.99
2019-07-03,Wed,QLD,57.68,5873.14,384.76
2019-07-04,Thu,QLD,68.73,5995.35,303.44
2019-07-05,Fri,QLD,66.45,6190.44,356.45000000000005
2019-07-06,Sat,QLD,56.83,5705.15,372.08
2019-07-07,Sun,QLD,60.56,5602.22,593.71
2019-07-08,Mon,QLD,63.67,6219.02,546.4799999999999
2019-07-09,Tue,QLD,56.57,5689.98,702.3000000000001
2019-07-10,Wed,QLD,65.96,5738.7,742.33
2019-07-11,Thu,QLD,55.01,5709.6,399.54
2019-07-12,Fri,QLD,50.39,5620.86,842.7099999999999
2019-07-13,Sat,QLD,21.04,5109.11,854.28
2019-07-14,Sun,QLD,41.54,5041.88,606.04
2019-07-15,Mon,QLD,45.45,5584.19,357.98
2019-07-16,Tue,QLD,55.37,5618.07,321.03999999999996
2019-07-17,Wed,QLD,50.54,5571.96,122.34
2019-07-18,Thu,QLD,46.42,5528.92,127.3
2019-07-19,Fri,QLD,50.97,5495.43,354.62
2019-07-20,Sat,QLD,35.17,5013.28,337.87
2019-07-21,Sun,QLD,30.15,4974.35,520.97
2019-07-22,Mon,QLD,54.7,5697.21,364.59
2019-07-23,Tue,QLD,51.17,5682.99,136.41
2019-07-24,Wed,QLD,45.06,5583.26,591.89
2019-07-25,Thu,QLD,53.7,5715.51,845.44
2019-07-26,Fri,QLD,35.53,5887.17,672.03
2019-07-27,Sat,QLD,50.2,5060.17,880.1999999999999
2019-07-28,Sun,QLD,52.48,5180.74,437.83
2019-07-29,Mon,QLD,59.46,5783.3,405.83000000000004
2019-07-30,Tue,QLD,52.8,5620.48,543.3100000000001
2019-07-31,Wed,QLD,55.69,5706.31,292.84000000000003
2019-08-01,Thu,QLD,54.51,5837.41,374.46000000000004
2019-08-02,Fri,QLD,54.63,5692.23,458.1
2019-08-03,Sat,QLD,45.51,5100.1,615.79
2019-08-04,Sun,QLD,26.03,4831.73,1072.49
2019-08-05,Mon,QLD,50.37,5509.21,828.88
2019-08-06,Tue,QLD,51.19,5585.23,766.4
2019-08-07,Wed,QLD,57.98,6357.57,523.61
2019-08-08,Thu,QLD,53.11,5647.89,632.28
2019-08-09,Fri,QLD,49.71,5402.54,803.9
2019-08-10,Sat,QLD,27.31,4986.65,875.65
2018-07-15,Sun,SA,46.81,1219.13,60.91
2018-07-16,Mon,SA,121.93,1105.37,-23.21
2018-07-17,Tue,SA,59.98,1174.31,171.42000000000002
2018-07-18,Wed,SA,50.2,1007.23,369.01
2018-07-19,Thu,SA,74.09,1632.59,-135.04999999999998
2018-07-20,Fri,SA,62.61,1243.01,252.53
2018-07-21,Sat,SA,68.58,1178.47,22.680000000000003
2018-07-22,Sun,SA,4.42,968.71,275.65
2018-07-23,Mon,SA,72.46,1464.01,30.379999999999995
2018-07-24,Tue,SA,-129.1,1145.96,148.42000000000002
2018-07-25,Wed,SA,111.48,1408.64,-240.57
2018-07-26,Thu,SA,79.47,1182.62,-145.81
2018-07-27,Fri,SA,77.82,1220.99,-189.03
2018-07-28,Sat,SA,-133.21,995.93,142.29999999999998
2018-07-29,Sun,SA,-31.11,1120.19,128.20999999999998
2018-07-30,Mon,SA,52.03,1111.82,317.68
2018-07-31,Tue,SA,27.01,1202.54,223.05
2018-08-01,Wed,SA,68.26,1244.6,-142.11
2018-08-02,Thu,SA,34.77,1221.72,73.35
2018-08-03,Fri,SA,67.71,1335.14,70.45
2018-08-04,Sat,SA,39.9,931.74,346.21000000000004
2018-08-05,Sun,SA,12.87,1234.12,124.72000000000001
2018-08-06,Mon,SA,23.1,1238.19,322.35
2018-08-07,Tue,SA,42.94,1333.4,310.34
2018-08-08,Wed,SA,-3.93,1142.58,281.85
2018-08-09,Thu,SA,-146.97,905.08,280.78999999999996
2018-08-10,Fri,SA,50.85,1363.42,40.300000000000004
2018-08-11,Sat,SA,22.34,988.08,318.56
2018-08-12,Sun,SA,12.36,1027.79,341.78
2018-08-13,Mon,SA,70.35,1339.68,-252.36999999999998
2018-08-14,Tue,SA,-9.21,863.62,457.15999999999997
2018-08-15,Wed,SA,53.94,1137.16,218.07
2018-08-16,Thu,SA,99.71,1257.87,189.84
2018-08-17,Fri,SA,0.21,874.47,470.97
2018-08-18,Sat,SA,9.04,839.3,300.4
2018-08-19,Sun,SA,41.24,1198.1,-352.95
2018-08-20,Mon,SA,78.7,1331.07,-164.72
2018-08-21,Tue,SA,74.1,1171.71,137.78
2018-08-22,Wed,SA,73.37,938.23,298.6
2018-08-23,Thu,SA,78.5,1161.76,193.22
2018-08-24,Fri,SA,-14.84,941.42,642.1
2018-08-25,Sat,SA,96.18,823.63,415.90999999999997
2018-08-26,Sun,SA,41.31,755.74,187.49
2018-08-27,Mon,SA,85.62,1058.49,200.48
2018-08-28,Tue,SA,89.95,954.73,141.45
2018-08-29,Wed,SA,57.23,921.41,343.87
2018-08-30,Thu,SA,88.22,1344.08,142.14
2018-08-31,Fri,SA,71.32,961.19,644.73
2018-09-01,Sat,SA,81.32,899.62,169.51999999999998
2018-09-02,Sun,SA,111.63,992.75,143.59
2018-09-03,Mon,SA,115.55,1226.8,331.05
2018-09-04,Tue,SA,84.88,975.59,307.13
2018-09-05,Wed,SA,96.26,1105.44,79.02
2018-09-06,Thu,SA,-120.51,935.5,619.97
2018-09-07,Fri,SA,105.87,1010.83,71.99000000000001
2018-09-08,Sat,SA,34.69,648.88,645.98
2018-09-09,Sun,SA,46.98,739.03,621.35
2018-09-10,Mon,SA,75.17,929.75,91.47
2018-09-11,Tue,SA,63.02,1236.7,-60.21000000000001
2018-09-12,Wed,SA,54.09,981.59,316.27
2018-09-13,Thu,SA,52.69,823.83,316.67
2018-09-14,Fri,SA,33.3,732.02,599.83
2018-09-15,Sat,SA,29.43,682.39,583.95
2018-09-16,Sun,SA,49.42,815.25,-63.34
2018-09-17,Mon,SA,-16.22,737.74,589.9300000000001
2018-09-18,Tue,SA,76.42,1144,-24.84
2018-09-19,Wed,SA,62.81,1083.08,318.15
2018-09-20,Thu,SA,95.78,1158.52,-207.9
2018-09-21,Fri,SA,64.38,907.36,-114.44999999999999
2018-09-22,Sat,SA,51.62,682.04,225.39
2018-09-23,Sun,SA,58.84,704.41,-77.13
2018-09-24,Mon,SA,73.7,806.81,119.61999999999999
2018-09-25,Tue,SA,91.18,850.59,67.78999999999999
2018-09-26,Wed,SA,126.54,938.91,-41.43
2018-09-27,Thu,SA,72.03,905.04,160.28
2018-09-28,Fri,SA,28.22,873.11,535.8000000000001
2018-09-29,Sat,SA,63.43,700.38,-145.6
2018-09-30,Sun,SA,56.15,613.72,363.68
2018-10-01,Mon,SA,106.76,1014.93,-346.84000000000003
2018-10-02,Tue,SA,66.98,1074.37,421.55
2018-10-03,Wed,SA,99.83,1055.59,245.2
2018-10-04,Thu,SA,75.96,862.01,459.28999999999996
2018-10-05,Fri,SA,92.9,797.93,-17.54
2018-10-06,Sat,SA,195.32,1054.63,-350.59000000000003
2018-10-07,Sun,SA,65.33,806.57,-39.29
2018-10-08,Mon,SA,89.05,1186.45,304.57
2018-10-09,Tue,SA,87.33,1197.41,100.42
2018-10-10,Wed,SA,78.74,824.04,491.49
2018-10-11,Thu,SA,65.44,802.19,164.77
2018-10-12,Fri,SA,111.3,1088,-163.02
2018-10-13,Sat,SA,71.78,807.45,-192.13
2018-10-14,Sun,SA,47.18,1033.13,329.12
2018-10-15,Mon,SA,70.02,1095.08,426.78
2018-10-16,Tue,SA,75.43,1150.1,504.75
2018-10-17,Wed,SA,162,1275.57,153.29
2018-10-18,Thu,SA,115.78,871.76,221.01
2018-10-19,Fri,SA,87.52,1248.36,486.02
2018-10-20,Sat,SA,37.33,649.56,462.08000000000004
2018-10-21,Sun,SA,76.02,653.4,89.60000000000001
2018-10-22,Mon,SA,52.04,892.15,402.17
2018-10-23,Tue,SA,51.69,768.66,375.93
2018-10-24,Wed,SA,86.3,871.06,-45.84
2018-10-25,Thu,SA,89.19,854.58,548.95
2018-10-26,Fri,SA,100.04,879.85,-47.120000000000005
2018-10-27,Sat,SA,71.32,819.32,-326.79999999999995
2018-10-28,Sun,SA,74.26,737.13,-143.15
2018-10-29,Mon,SA,116.15,901.53,3.129999999999999
2018-10-30,Tue,SA,103.79,1051.56,-16.23
2018-10-31,Wed,SA,166.61,1472.84,-59.67
2018-11-01,Thu,SA,72.61,1605.6,554.98
2018-11-02,Fri,SA,79.26,918.63,592.26
2018-11-03,Sat,SA,71.81,764.75,-231.73999999999998
2018-11-04,Sun,SA,75.77,1132.13,-297.31
2018-11-05,Mon,SA,81.98,1174.2,-44.47
2018-11-06,Tue,SA,49.15,787.93,507.33
2018-11-07,Wed,SA,54,847.04,495.46000000000004
2018-11-08,Thu,SA,67.01,881.36,-57.510000000000005
2018-11-09,Fri,SA,75.84,845.23,335.5
2018-11-10,Sat,SA,70.2,802.94,-334.37
2018-11-11,Sun,SA,68.43,891.39,-486.05
2018-11-12,Mon,SA,158.03,1543.04,-138.04
2018-11-13,Tue,SA,80.13,1161.02,265.78999999999996
2018-11-14,Wed,SA,79.81,937.22,513.58
2018-11-15,Thu,SA,78.85,875.86,-67.87
2018-11-16,Fri,SA,71.9,838.35,363.79999999999995
2018-11-17,Sat,SA,71.46,647.5,295.24
2018-11-18,Sun,SA,81.59,935.24,-62.64
2018-11-19,Mon,SA,166.76,1622.64,-332.52000000000004
2018-11-20,Tue,SA,114.83,1072.39,162.45
2018-11-21,Wed,SA,66.52,1134.11,267.85
2018-11-22,Thu,SA,49.05,754.19,542.17
2018-11-23,Fri,SA,62.91,846.79,136.44
2018-11-24,Sat,SA,115.07,1092.33,-137.4
2018-11-25,Sun,SA,71.68,628.98,126.61
2018-11-26,Mon,SA,90.99,1054.7,347.62
2018-11-27,Tue,SA,76.18,1157.82,237.41
2018-11-28,Wed,SA,52.55,888.48,511.69
2018-11-29,Thu,SA,88.05,884.73,191.82
2018-11-30,Fri,SA,59.87,845.94,396.57
2018-12-01,Sat,SA,20.27,1178.87,250.44
2018-12-02,Sun,SA,-19.7,685.49,669.74
2018-12-03,Mon,SA,88.99,808.75,120.16000000000001
2018-12-04,Tue,SA,129.62,941.69,-153.36
2018-12-05,Wed,SA,144.37,1457.48,-158.46
2018-12-06,Thu,SA,302.27,1996.76,21.47
2018-12-07,Fri,SA,60.44,2220.61,352.02
2018-12-08,Sat,SA,126.17,1185.34,407.85
2018-12-09,Sun,SA,77.41,994.52,162.87
2018-12-10,Mon,SA,87.62,1202.5,376.93
2018-12-11,Tue,SA,134.21,1635.55,78.46
2018-12-12,Wed,SA,298.23,1897.32,78.07000000000001
2018-12-13,Thu,SA,81.8,901.89,593.4399999999999
2018-12-14,Fri,SA,97.85,1046.83,554.86
2018-12-15,Sat,SA,72.89,840.36,172.79000000000002
2018-12-16,Sun,SA,97.28,942.53,288.57
2018-12-17,Mon,SA,103.1,1056.67,184.54000000000002
2018-12-18,Tue,SA,92.44,1463.5,143.10999999999999
2018-12-19,Wed,SA,270.88,1593.4,189.62
2018-12-20,Thu,SA,-22.05,934.7,686.64
2018-12-21,Fri,SA,54.72,809.4,508.45
2018-12-22,Sat,SA,63.31,659.79,-137.12
2018-12-23,Sun,SA,64.54,863.68,-486.57000000000005
2018-12-24,Mon,SA,176.65,1471.96,-605.64
2018-12-25,Tue,SA,70.24,1215.33,-701.46
2018-12-26,Wed,SA,116.86,1626.45,-633.22
2018-12-27,Thu,SA,129.92,1976.39,-1.5300000000000011
2018-12-28,Fri,SA,215.15,1964.03,306.47999999999996
2018-12-29,Sat,SA,94.2,1240.62,-239.92
2018-12-30,Sun,SA,119.35,903.45,-344.11
2018-12-31,Mon,SA,100.44,1102.9,-419.84000000000003
2019-01-01,Tue,SA,89.7,959.04,-36.120000000000005
2019-01-02,Wed,SA,107.25,1419.57,-230.95
2019-01-03,Thu,SA,148.24,2212.02,-650.94
2019-01-04,Fri,SA,113.08,1362.23,637.0899999999999
2019-01-05,Sat,SA,33.55,722.7,461.52
2019-01-06,Sun,SA,59,701.02,19.53
2019-01-07,Mon,SA,92.74,1160.96,-118.46000000000001
2019-01-08,Tue,SA,90.05,975.22,482.17
2019-01-09,Wed,SA,84.61,871.93,516.83
2019-01-10,Thu,SA,91.9,996.23,452.71999999999997
2019-01-11,Fri,SA,164.88,2065.26,-197.37
2019-01-12,Sat,SA,96.15,1182.07,375.15999999999997
2019-01-13,Sun,SA,65.41,1056.92,-17.689999999999998
2019-01-14,Mon,SA,219.1,2127.56,134.96
2019-01-15,Tue,SA,130.14,2344.94,352.91
2019-01-16,Wed,SA,123.7,2466.82,16.269999999999996
2019-01-17,Thu,SA,218.6,2476.85,42.269999999999996
2019-01-18,Fri,SA,185.66,1510.84,-57.16
2019-01-19,Sat,SA,67.49,981.79,107.88
2019-01-20,Sun,SA,80.94,1055.78,-153.88
2019-01-21,Mon,SA,295.25,1867.4,-430.34999999999997
2019-01-22,Tue,SA,301.94,2336.45,-136.33
2019-01-23,Wed,SA,183.09,2385.82,-618.3000000000001
2019-01-24,Thu,SA,469.72,2713.63,7.420000000000001
2019-01-25,Fri,SA,248,1894.29,542.58
2019-01-26,Sat,SA,81.43,1110.12,643.25
2019-01-27,Sun,SA,61.49,709.37,227.55
2019-01-28,Mon,SA,172.59,963.68,366.25
2019-01-29,Tue,SA,215.92,1508.46,628.75
2019-01-30,Wed,SA,251.76,1954.45,493
2019-01-31,Thu,SA,95.72,968.7,528.13
2019-02-01,Fri,SA,88.75,865.82,154.44
2019-02-02,Sat,SA,307.14,1523.06,-108.61
2019-02-03,Sun,SA,104.98,1612.04,154.65
2019-02-04,Mon,SA,102.1,1105.58,651.1899999999999
2019-02-05,Tue,SA,93.21,1161.74,256.18
2019-02-06,Wed,SA,293.04,1525.7,-18.58
2019-02-07,Thu,SA,125.62,1449.61,181.06
2019-02-08,Fri,SA,87.86,889.79,604.5
2019-02-09,Sat,SA,-10.15,709.27,615.62
2019-02-10,Sun,SA,56.32,680.74,236.42000000000002
2019-02-11,Mon,SA,78.41,1088.24,585.87
2019-02-12,Tue,SA,-34.94,920.73,622.4200000000001
2019-02-13,Wed,SA,83.54,926.82,-75.05000000000001
2019-02-14,Thu,SA,97.71,843.2,53.01
2019-02-15,Fri,SA,117.92,1035.88,-14.9
2019-02-16,Sat,SA,112.44,1044.29,-0.5
2019-02-17,Sun,SA,119.71,1229.98,-175.29000000000002
2019-02-18,Mon,SA,76.5,928.75,622.78
2019-02-19,Tue,SA,102.83,909.38,207.47
2019-02-20,Wed,SA,91.68,930.51,278.29
2019-02-21,Thu,SA,96.04,987.14,140.64
2019-02-22,Fri,SA,114.65,1161.35,-15.83
2019-02-23,Sat,SA,54.72,1182.49,-400.44
2019-02-24,Sun,SA,123.06,1641.08,-102.74000000000001
2019-02-25,Mon,SA,315.69,2054.29,-96.58
2019-02-26,Tue,SA,163.66,1937.39,-359.37
2019-02-27,Wed,SA,170.63,2210.59,-660.6099999999999
2019-02-28,Thu,SA,317.33,2215.35,-232.03
2019-03-01,Fri,SA,264.55,2354.35,-159.6
2019-03-02,Sat,SA,314.37,2311.97,-637.9399999999999
2019-03-03,Sun,SA,249.19,1616.85,-25.09
2019-03-04,Mon,SA,136.82,1656.9,193.85
2019-03-05,Tue,SA,95.91,1051.84,504.25
2019-03-06,Wed,SA,50.92,880,132.6
2019-03-07,Thu,SA,104.65,979.33,171.38
2019-03-08,Fri,SA,115.4,1368.5,46.59
2019-03-09,Sat,SA,48.18,1034.94,449.78
2019-03-10,Sun,SA,62.4,1126.29,276.19
2019-03-11,Mon,SA,36.24,834.54,557.5699999999999
2019-03-12,Tue,SA,67.47,909.5,231.25
2019-03-13,Wed,SA,100.23,1047.79,370.84999999999997
2019-03-14,Thu,SA,103.08,1030.97,369.07
2019-03-15,Fri,SA,112.89,1030.13,-20.19
2019-03-16,Sat,SA,97.57,980,-46.230000000000004
2019-03-17,Sun,SA,119.18,1022.83,1.1799999999999997
2019-03-18,Mon,SA,124.32,1412.1,70.15
2019-03-19,Tue,SA,91.89,1334.94,350.21
2019-03-20,Wed,SA,122.83,1393.93,256
2019-03-21,Thu,SA,116.26,1278.13,375.94
2019-03-22,Fri,SA,132.15,1512.63,129.38
2019-03-23,Sat,SA,127.11,1035.97,458.25
2019-03-24,Sun,SA,88.44,1054.55,541.15
2019-03-25,Mon,SA,76.24,946,449.32
2019-03-26,Tue,SA,86.22,985.94,117.25999999999999
2019-03-27,Wed,SA,101.39,1035.19,-64.92
2019-03-28,Thu,SA,102.15,1048.38,29.23
2019-03-29,Fri,SA,80.66,1154.3,452.27
2019-03-30,Sat,SA,47.06,1018.06,385.01
2019-03-31,Sun,SA,64.84,891.17,279.4
2019-04-01,Mon,SA,101.1,957.81,207.63
2019-04-02,Tue,SA,104.18,1024.91,179.57
2019-04-03,Wed,SA,118.03,1371.78,-90.52
2019-04-04,Thu,SA,117.49,1391.79,85.2
2019-04-05,Fri,SA,85.56,1509.04,282.55
2019-04-06,Sat,SA,93.73,858.83,137.96
2019-04-07,Sun,SA,-4.12,748.18,644.3199999999999
2019-04-08,Mon,SA,80.37,1070.8,614.3299999999999
2019-04-09,Tue,SA,110.49,1220.01,-87.57
2019-04-10,Wed,SA,100.46,1090.32,24.669999999999995
2019-04-11,Thu,SA,114.26,1022.89,115.34
2019-04-12,Fri,SA,113.08,977.09,262.21
2019-04-13,Sat,SA,85.21,1113.23,40.49
2019-04-14,Sun,SA,99.68,850.39,208.92000000000002
2019-04-15,Mon,SA,99.51,1282.65,191.79
2019-04-16,Tue,SA,97.02,1425.87,174.76999999999998
2019-04-17,Wed,SA,-13.73,1380.79,274.69
2019-04-18,Thu,SA,105.07,985.09,328.57
2019-04-19,Fri,SA,86.14,964.21,102.35000000000001
2019-04-20,Sat,SA,84.79,1038.22,457.35
2019-04-21,Sun,SA,85.1,881.92,-101.97
2019-04-22,Mon,SA,113.65,773.02,-63.43000000000001
2019-04-23,Tue,SA,88.43,935.96,-71.53999999999999
2019-04-24,Wed,SA,77.38,949.7,-29.82
2019-04-25,Thu,SA,40.89,675.21,-42.06
2019-04-26,Fri,SA,42.9,963.3,527.89
2019-04-27,Sat,SA,59.07,739.18,30.75
2019-04-28,Sun,SA,81.67,841.69,-201.28000000000003
2019-04-29,Mon,SA,102.09,1026.89,314.13
2019-04-30,Tue,SA,-33.31,1126.43,244.40999999999997
2019-05-01,Wed,SA,3.93,1043.86,266.66999999999996
2019-05-02,Thu,SA,101.94,930.13,93.03
2019-05-03,Fri,SA,80.27,1171.18,579.4699999999999
2019-05-04,Sat,SA,78.49,994.19,-101.74000000000001
2019-05-05,Sun,SA,97.35,873.35,163.77
2019-05-06,Mon,SA,101,1003.76,201.79999999999998
2019-05-07,Tue,SA,58.59,1145.12,350.07
2019-05-08,Wed,SA,92.84,1250.37,137.44
2019-05-09,Thu,SA,86.92,1499.8,74.48
2019-05-10,Fri,SA,75.28,993.92,514.25
2019-05-11,Sat,SA,79.24,1086.8,-3.629999999999999
2019-05-12,Sun,SA,77.67,1122.64,-268.36
2019-05-13,Mon,SA,66.45,969.91,184.58
2019-05-14,Tue,SA,79.12,1061.08,-38.89
2019-05-15,Wed,SA,93.2,1087.54,89.95
2019-05-16,Thu,SA,93.76,1063.15,151.56
2019-05-17,Fri,SA,83.11,1035.8,189.64
2019-05-18,Sat,SA,80.47,1099.67,74.81
2019-05-19,Sun,SA,63.06,1253.2,189.62
2019-05-20,Mon,SA,67.97,1063.91,444.39
2019-05-21,Tue,SA,96.11,1064.71,70.26
2019-05-22,Wed,SA,100.36,1107.27,249.97
2019-05-23,Thu,SA,44.45,1159.64,620.31
2019-05-24,Fri,SA,34.7,1100.42,566.19
2019-05-25,Sat,SA,50.76,1034.83,399.85
2019-05-26,Sun,SA,47.08,1116.08,236.62
2019-05-27,Mon,SA,76.64,1299.01,144.35999999999999
2019-05-28,Tue,SA,66.23,1243.3,468.76
2019-05-29,Wed,SA,63.08,1182.47,483.34000000000003
2019-05-30,Thu,SA,83.7,1336.48,-101.94
2019-05-31,Fri,SA,99.75,1485.77,-109.65
2019-06-01,Sat,SA,96.32,1037.33,115.84
2019-06-02,Sun,SA,75.27,1009.19,572.0500000000001
2019-06-03,Mon,SA,62.91,1330.91,570.9300000000001
2019-06-04,Tue,SA,108.66,1528.38,-171.01
2019-06-05,Wed,SA,120.23,1401.36,-76.55
2019-06-06,Thu,SA,124.64,1233.26,-12.919999999999998
2019-06-07,Fri,SA,108.9,1113.73,234.13
2019-06-08,Sat,SA,87.56,973.06,542.48
2019-06-09,Sun,SA,72.08,1263.77,-255.95999999999998
2019-06-10,Mon,SA,50.59,727.63,181.31
2019-06-11,Tue,SA,43.33,970.84,300.9
2019-06-12,Wed,SA,62.58,1121.24,475.29
2019-06-13,Thu,SA,71.45,1149.02,234.72
2019-06-14,Fri,SA,66.26,1175.49,221.86
2019-06-15,Sat,SA,95.51,1076.64,355.66999999999996
2019-06-16,Sun,SA,98.9,866.69,22.65
2019-06-17,Mon,SA,72.38,1410.72,92.16
2019-06-18,Tue,SA,99.35,1243.94,194.60999999999999
2019-06-19,Wed,SA,147.95,1460.51,-153.34
2019-06-20,Thu,SA,144.38,1635.73,-399.26
2019-06-21,Fri,SA,114.37,1461.45,-149.91
2019-06-22,Sat,SA,106.29,1143.49,76.03
2019-06-23,Sun,SA,100.27,1059.51,256.09
2019-06-24,Mon,SA,110.05,1846.06,-90.66
2019-06-25,Tue,SA,102.1,1230.66,48.97
2019-06-26,Wed,SA,78.4,1115.28,221.75
2019-06-27,Thu,SA,-24.61,998.31,511.19
2019-06-28,Fri,SA,44.98,1110.48,465.72
2019-06-29,Sat,SA,56.49,1357.32,44.86
2019-06-30,Sun,SA,30.9,1259.24,55.44
2019-07-01,Mon,SA,59.35,1279.42,318.72
2019-07-02,Tue,SA,91.32,1350.22,-241.26999999999998
2019-07-03,Wed,SA,93.91,1382.07,175.89000000000001
2019-07-04,Thu,SA,72.65,1140.63,120.97999999999999
2019-07-05,Fri,SA,69.28,1008.1,188.35999999999999
2019-07-06,Sat,SA,57.14,914.27,347.61
2019-07-07,Sun,SA,105.86,844.38,303.17
2019-07-08,Mon,SA,79.72,1255.02,50.589999999999996
2019-07-09,Tue,SA,81.99,1085.09,213.22
2019-07-10,Wed,SA,77.27,1494.96,41.11000000000001
2019-07-11,Thu,SA,-137.89,1266.04,194.47
2019-07-12,Fri,SA,81.34,1265.76,152.68
2019-07-13,Sat,SA,62.81,949.3,232.93
2019-07-14,Sun,SA,59.52,1186.06,165.6
2019-07-15,Mon,SA,77.7,1539.88,124.22
2019-07-16,Tue,SA,100.67,1425.51,-108.41
2019-07-17,Wed,SA,66.84,1362.22,507.04
2019-07-18,Thu,SA,-54.62,1188.24,589.13
2019-07-19,Fri,SA,70.38,982.14,257.65
2019-07-20,Sat,SA,-21.81,726.13,600.64
2019-07-21,Sun,SA,24.02,748.19,492.28000000000003
2019-07-22,Mon,SA,43.97,940.69,555.51
2019-07-23,Tue,SA,52.68,1262.55,327.05
2019-07-24,Wed,SA,87.02,1209.74,290.89
2019-07-25,Thu,SA,70.64,1172.32,194.51
2019-07-26,Fri,SA,79.89,1195.84,286.63
2019-07-27,Sat,SA,71.08,1076.53,78.58
2019-07-28,Sun,SA,33.52,1283.36,171.82999999999998
2019-07-29,Mon,SA,82.85,1209.23,173.69
2019-07-30,Tue,SA,79.24,1297.64,136.55
2019-07-31,Wed,SA,101,1569.48,-127.44
2019-08-01,Thu,SA,92.69,1456.18,73.67
2019-08-02,Fri,SA,115.08,1497.87,177.06
2019-08-03,Sat,SA,101.18,1350.78,-39.12
2019-08-04,Sun,SA,79.7,826.24,469.13
2019-08-05,Mon,SA,77.48,960.65,400.58
2019-08-06,Tue,SA,67.1,1260.23,491.36
2019-08-07,Wed,SA,86.88,1674.52,101.67
2019-08-08,Thu,SA,75.39,1713.29,458.89
2019-08-09,Fri,SA,-100.4,1355.31,389.87
2019-08-10,Sat,SA,74.47,1002.97,379.17
2018-07-15,Sun,TAS,46.07,1304.41,141.48
2018-07-16,Mon,TAS,58.63,1348.72,456.52
2018-07-17,Tue,TAS,58.8,1250.72,322.08
2018-07-18,Wed,TAS,51.92,1255.12,192.67
2018-07-19,Thu,TAS,65.56,1226.19,312.83
2018-07-20,Fri,TAS,56.07,1256.66,447.65
2018-07-21,Sat,TAS,14.09,1256.09,452.73
2018-07-22,Sun,TAS,20.44,1262.01,361.47
2018-07-23,Mon,TAS,32.31,1347.1,413.77
2018-07-24,Tue,TAS,27.77,1323.46,405.73
2018-07-25,Wed,TAS,32.83,1256.35,464.12
2018-07-26,Thu,TAS,33.04,1195.52,467.7
2018-07-27,Fri,TAS,-0.67,1283.3,472.68
2018-07-28,Sat,TAS,9.76,1186.07,407.87
2018-07-29,Sun,TAS,6.04,1184.99,393.73
2018-07-30,Mon,TAS,4.07,1272.42,468.82
2018-07-31,Tue,TAS,5.02,1285.93,379.07
2018-08-01,Wed,TAS,36.64,1270.14,457.82
2018-08-02,Thu,TAS,33.05,1220.68,178.23
2018-08-03,Fri,TAS,61.25,1282.39,366.77
2018-08-04,Sat,TAS,35.2,1147.73,203.95
2018-08-05,Sun,TAS,12.77,1139.17,333.47
2018-08-06,Mon,TAS,36.78,1312.04,473.7
2018-08-07,Tue,TAS,14.2,1171.15,413.43
2018-08-08,Wed,TAS,12.94,1202.54,442.43
2018-08-09,Thu,TAS,-11.3,1191.92,449.37
2018-08-10,Fri,TAS,29.22,1216.81,362.47
2018-08-11,Sat,TAS,18.64,1246.39,305.48
2018-08-12,Sun,TAS,11.69,1197.41,358.43
2018-08-13,Mon,TAS,36.78,1224.64,468.3
2018-08-14,Tue,TAS,-10.83,1103.22,371.75
2018-08-15,Wed,TAS,-0.64,1276.99,488.25
2018-08-16,Thu,TAS,10.33,1160.5,473.5
2018-08-17,Fri,TAS,-7.34,1075.87,390.57
2018-08-18,Sat,TAS,7.86,1121.11,224.3
2018-08-19,Sun,TAS,10.33,1185.04,397.82
2018-08-20,Mon,TAS,31.29,1269.21,474.4
2018-08-21,Tue,TAS,5.82,1270.84,475.02
2018-08-22,Wed,TAS,10.58,1267.04,470.73
2018-08-23,Thu,TAS,34.96,1165.53,475.53
2018-08-24,Fri,TAS,2.18,1196.46,475.63
2018-08-25,Sat,TAS,2.66,1069.28,370.22
2018-08-26,Sun,TAS,-2.56,1175.8,460.57
2018-08-27,Mon,TAS,45.21,1283.05,469.92
2018-08-28,Tue,TAS,36.27,1365.39,471.57
2018-08-29,Wed,TAS,8.26,1197.03,469.52
2018-08-30,Thu,TAS,45.22,1223.49,462.38
2018-08-31,Fri,TAS,45.22,1340.93,488.73
2018-09-01,Sat,TAS,4.8,1118.04,481.23
2018-09-02,Sun,TAS,10.3,1160.42,472.9
2018-09-03,Mon,TAS,-46.33,1286.75,473
2018-09-04,Tue,TAS,-0.61,1193.89,473.48
2018-09-05,Wed,TAS,45.17,1195.8,366.48
2018-09-06,Thu,TAS,0.38,1204.61,426.68
2018-09-07,Fri,TAS,50.14,1143.75,438.3
2018-09-08,Sat,TAS,69.07,1055.62,95.7
2018-09-09,Sun,TAS,50.28,990.2,119.22
2018-09-10,Mon,TAS,69.36,1021.81,396.27
2018-09-11,Tue,TAS,21.39,1050.75,325.55
2018-09-12,Wed,TAS,36.27,1045.61,385.05
2018-09-13,Thu,TAS,36.97,1129.04,381.4
2018-09-14,Fri,TAS,32.88,1004.77,-138.85
2018-09-15,Sat,TAS,22.07,1019.46,-120.53
2018-09-16,Sun,TAS,-0.58,1084.59,440.33
2018-09-17,Mon,TAS,36.27,1131.34,134.87
2018-09-18,Tue,TAS,66.69,1172.89,394.63
2018-09-19,Wed,TAS,15.4,1152.13,476.93
2018-09-20,Thu,TAS,-0.6,954.59,477.88
2018-09-21,Fri,TAS,6.12,1055.37,470.75
2018-09-22,Sat,TAS,32.61,1058.94,406.33
2018-09-23,Sun,TAS,23.32,1079.36,346.7
2018-09-24,Mon,TAS,72.14,1133.97,190.83
2018-09-25,Tue,TAS,81.27,1036.91,324.43
2018-09-26,Wed,TAS,119.1,1109.8,156.53
2018-09-27,Thu,TAS,70.2,1111.11,-138.13
2018-09-28,Fri,TAS,45.2,1077.83,-221.87
2018-09-29,Sat,TAS,82.55,1019.79,95.38
2018-09-30,Sun,TAS,113.9,1016.24,87.37
2018-10-01,Mon,TAS,54.77,1151.25,352.62
2018-10-02,Tue,TAS,77.59,1029.4,-252.5
2018-10-03,Wed,TAS,99.01,989.75,304.3
2018-10-04,Thu,TAS,50.2,1021.66,-121.75
2018-10-05,Fri,TAS,102.6,986.19,75.77
2018-10-06,Sat,TAS,177.92,984.04,-179.53
2018-10-07,Sun,TAS,66.01,959.11,-190.95
2018-10-08,Mon,TAS,45.76,1092.51,-102.6
2018-10-09,Tue,TAS,110.81,1092.8,84.18
2018-10-10,Wed,TAS,96.96,1122.37,-319.35
2018-10-11,Thu,TAS,71.3,1115.71,-261.03
2018-10-12,Fri,TAS,49.45,881.07,-134.07
2018-10-13,Sat,TAS,51.67,902.83,-154.32
2018-10-14,Sun,TAS,51.7,981.18,-290.45
2018-10-15,Mon,TAS,50.29,986.6,-126.32
2018-10-16,Tue,TAS,83.02,1025.31,-129.28
2018-10-17,Wed,TAS,113.52,1155.74,390.67
2018-10-18,Thu,TAS,114.41,1166.23,329.72
2018-10-19,Fri,TAS,96.47,948.77,230.3
2018-10-20,Sat,TAS,42.74,1011.28,-219.43
2018-10-21,Sun,TAS,80.53,1016.38,-249.35
2018-10-22,Mon,TAS,63,1059.51,-348.87
2018-10-23,Tue,TAS,59.91,1033.18,-237.13
2018-10-24,Wed,TAS,87,996.06,-256.77
2018-10-25,Thu,TAS,113.43,1083.16,-351.72
2018-10-26,Fri,TAS,101.98,1063.8,-259.8
2018-10-27,Sat,TAS,66.6,1013.49,-265.42
2018-10-28,Sun,TAS,84.37,1027.03,-364.12
2018-10-29,Mon,TAS,122.71,1074.47,-360.83
2018-10-30,Tue,TAS,100.73,1090.99,-192.45
2018-10-31,Wed,TAS,154.76,1078.16,179.53
2018-11-01,Thu,TAS,69.83,1011.5,-130.6
2018-11-02,Fri,TAS,95.96,983.65,188.92
2018-11-03,Sat,TAS,78.28,996.67,57.55
2018-11-04,Sun,TAS,50.34,1079.75,-173.83
2018-11-05,Mon,TAS,84.09,1203.01,101.7
2018-11-06,Tue,TAS,55.97,1178.32,-273.37
2018-11-07,Wed,TAS,59.29,1000.76,130.48
2018-11-08,Thu,TAS,51.4,1038.85,-170.6
2018-11-09,Fri,TAS,58.83,1115.64,-127.43
2018-11-10,Sat,TAS,63.98,1063,-200.3
2018-11-11,Sun,TAS,59.6,1056.22,-217.08
2018-11-12,Mon,TAS,140.75,1067.94,206.12
2018-11-13,Tue,TAS,83.11,1152.89,114.02
2018-11-14,Wed,TAS,52.42,1197.17,366.22
2018-11-15,Thu,TAS,73.36,1110.06,160.93
2018-11-16,Fri,TAS,65.12,1129.84,-186.47
2018-11-17,Sat,TAS,70.08,1016.09,-187.8
2018-11-18,Sun,TAS,77.78,1011.93,116.87
2018-11-19,Mon,TAS,38.58,1024.33,475.12
2018-11-20,Tue,TAS,44.9,1128.35,463.03
2018-11-21,Wed,TAS,67.83,1045.95,219.95
2018-11-22,Thu,TAS,57.15,1163.69,-316.8
2018-11-23,Fri,TAS,64.48,1078.6,106.58
2018-11-24,Sat,TAS,95.09,1031.05,319.65
2018-11-25,Sun,TAS,52.59,1110.77,-210.98
2018-11-26,Mon,TAS,95.74,1150.29,194.6
2018-11-27,Tue,TAS,132.41,1137.16,125.22
2018-11-28,Wed,TAS,51.92,1095.71,-154.2
2018-11-29,Thu,TAS,88.68,1109.69,174.77
2018-11-30,Fri,TAS,64.33,1074.2,190.93
2018-12-01,Sat,TAS,19.72,947.02,79.32
2018-12-02,Sun,TAS,53.89,952.43,-433.82
2018-12-03,Mon,TAS,60.07,1056.72,188.5
2018-12-04,Tue,TAS,3.56,1140.99,354.25
2018-12-05,Wed,TAS,61.61,1114.43,428.62
2018-12-06,Thu,TAS,62.46,1060.52,479.5
2018-12-07,Fri,TAS,-0.74,1104.19,470.35
2018-12-08,Sat,TAS,109.79,1031.13,438.48
2018-12-09,Sun,TAS,74.28,1075.26,332.15
2018-12-10,Mon,TAS,87.57,1064.58,425.38
2018-12-11,Tue,TAS,53.9,1028.92,473.9
2018-12-12,Wed,TAS,62.49,986.55,483.88
2018-12-13,Thu,TAS,66.93,1004.12,379.25
2018-12-14,Fri,TAS,12.96,1033.21,472.78
2018-12-15,Sat,TAS,61.52,1034.22,376.62
2018-12-16,Sun,TAS,102.59,1098.19,103.35
2018-12-17,Mon,TAS,100.86,1087.18,296.25
2018-12-18,Tue,TAS,12.98,1037.68,460.77
2018-12-19,Wed,TAS,52.44,1067.03,465.77
2018-12-20,Thu,TAS,6.2,974.56,152.38
2018-12-21,Fri,TAS,61.78,1035.65,-147.78
2018-12-22,Sat,TAS,60.01,967.8,-324.93
2018-12-23,Sun,TAS,54.5,1012.08,-260.75
2018-12-24,Mon,TAS,120.27,1119.52,308.95
2018-12-25,Tue,TAS,56.3,958.64,-172.82
2018-12-26,Wed,TAS,92.14,1066.66,176.5
2018-12-27,Thu,TAS,24.25,1112.36,468.72
2018-12-28,Fri,TAS,96.57,1134.6,476.57
2018-12-29,Sat,TAS,65.57,996.99,466.47
2018-12-30,Sun,TAS,97.99,1041.89,189.2
2018-12-31,Mon,TAS,84.34,1054.29,152.17
2019-01-01,Tue,TAS,85.85,994.43,-148.18
2019-01-02,Wed,TAS,96.41,1036.18,138.93
2019-01-03,Thu,TAS,118.95,1068.07,159.2
2019-01-04,Fri,TAS,-0.72,1075.13,469.63
2019-01-05,Sat,TAS,62.47,1008.01,-423.55
2019-01-06,Sun,TAS,111.86,1034.58,-448.25
2019-01-07,Mon,TAS,104.25,1048.42,-412.85
2019-01-08,Tue,TAS,106.8,1077.13,90.92
2019-01-09,Wed,TAS,107.52,1024.38,-385.07
2019-01-10,Thu,TAS,108.74,1077.06,-181.17
2019-01-11,Fri,TAS,117.68,1069.07,-9.05
2019-01-12,Sat,TAS,115.45,1015.63,-333.18
2019-01-13,Sun,TAS,125.32,1057.26,-442.87
2019-01-14,Mon,TAS,136.62,1114.66,477.07
2019-01-15,Tue,TAS,126.68,1263.2,446.83
2019-01-16,Wed,TAS,116.23,1113.44,210.67
2019-01-17,Thu,TAS,182.2,1188.4,424.13
2019-01-18,Fri,TAS,162.51,1139.38,402.58
2019-01-19,Sat,TAS,120.1,1001.18,-429.22
2019-01-20,Sun,TAS,124.3,1060.25,-435.75
2019-01-21,Mon,TAS,253.52,1185.12,27.55
2019-01-22,Tue,TAS,270.39,1162.42,322.1
2019-01-23,Wed,TAS,145.7,1080.39,180.87
2019-01-24,Thu,TAS,-16.7,1072.24,484.48
2019-01-25,Fri,TAS,253.51,1227.38,436.05
2019-01-26,Sat,TAS,277.4,1095.08,36.9
2019-01-27,Sun,TAS,137.21,993.67,0
2019-01-28,Mon,TAS,191.54,1033.7,102.02
2019-01-29,Tue,TAS,54.8,1108.74,136.1
2019-01-30,Wed,TAS,528.97,1185.83,13.93
2019-01-31,Thu,TAS,114.1,1000.29,-174.13
2019-02-01,Fri,TAS,151.24,1105.99,-379.97
2019-02-02,Sat,TAS,278.95,1042.72,251.17
2019-02-03,Sun,TAS,109.72,1132.38,-74.75
2019-02-04,Mon,TAS,146.99,995.66,-267.45
2019-02-05,Tue,TAS,149.75,1005.13,-312.02
2019-02-06,Wed,TAS,146.16,1006.26,372.25
2019-02-07,Thu,TAS,127.45,1097.62,125.3
2019-02-08,Fri,TAS,103.47,964.86,-125.32
2019-02-09,Sat,TAS,31.84,884.19,-298.18
2019-02-10,Sun,TAS,89.95,934.93,-319.97
2019-02-11,Mon,TAS,102.26,977.69,-223.1
2019-02-12,Tue,TAS,149.39,921.61,-136.1
2019-02-13,Wed,TAS,85.36,960.56,-263.07
2019-02-14,Thu,TAS,103.44,1007.47,-271.43
2019-02-15,Fri,TAS,146.14,1035.43,-337.25
2019-02-16,Sat,TAS,151.36,1014.17,-344.08
2019-02-17,Sun,TAS,138.19,1035.07,-353.75
2019-02-18,Mon,TAS,133.83,1018.29,-329.62
2019-02-19,Tue,TAS,109.58,999.1,-185.65
2019-02-20,Wed,TAS,138.16,990.01,-296.53
2019-02-21,Thu,TAS,104.33,1051.7,-260.93
2019-02-22,Fri,TAS,139.98,1006.5,-362.47
2019-02-23,Sat,TAS,136.83,1019.13,-341.42
2019-02-24,Sun,TAS,126.11,859.02,-280.58
2019-02-25,Mon,TAS,278.87,1114.74,375.08
2019-02-26,Tue,TAS,152.9,973.91,-231.32
2019-02-27,Wed,TAS,143.08,908.62,80.55
2019-02-28,Thu,TAS,13.32,941.36,483.38
2019-03-01,Fri,TAS,57.02,1146.92,410.82
2019-03-02,Sat,TAS,247.92,1114.61,221.57
2019-03-03,Sun,TAS,140.45,1078.9,461.78
2019-03-04,Mon,TAS,141.11,1092.44,194.3
2019-03-05,Tue,TAS,115.96,1046.56,-211.38
2019-03-06,Wed,TAS,150.16,935.06,-120.2
2019-03-07,Thu,TAS,122.57,1091.61,-414.58
2019-03-08,Fri,TAS,112.51,1098.87,177.08
2019-03-09,Sat,TAS,150.43,1110.98,-458.83
2019-03-10,Sun,TAS,150.42,988.39,-452.63
2019-03-11,Mon,TAS,69.24,1014.8,-441.33
2019-03-12,Tue,TAS,138.16,1021.53,-456.2
2019-03-13,Wed,TAS,117.92,1139.88,-352.93
2019-03-14,Thu,TAS,122.61,1111.31,-373.98
2019-03-15,Fri,TAS,142.56,1066.99,-395.43
2019-03-16,Sat,TAS,138.16,950.73,-429.92
2019-03-17,Sun,TAS,124.33,1022.36,-253.5
2019-03-18,Mon,TAS,129.78,1071.17,-202.13
2019-03-19,Tue,TAS,106.83,1057.47,-288.72
2019-03-20,Wed,TAS,137.98,1076.26,-229.5
2019-03-21,Thu,TAS,123.87,1106.24,111.17
2019-03-22,Fri,TAS,128.18,981.46,278.95
2019-03-23,Sat,TAS,119.92,990.53,-189.7
2019-03-24,Sun,TAS,109.08,985.71,-247.12
2019-03-25,Mon,TAS,98.31,997.45,-428
2019-03-26,Tue,TAS,86.94,938.52,-208.05
2019-03-27,Wed,TAS,102.8,1026.17,-244.35
2019-03-28,Thu,TAS,113.54,1087.99,-435.83
2019-03-29,Fri,TAS,79.77,1076.86,-146.25
2019-03-30,Sat,TAS,122.86,939.33,-446.93
2019-03-31,Sun,TAS,74.85,976.76,-349.17
2019-04-01,Mon,TAS,104.77,1084.79,102.32
2019-04-02,Tue,TAS,115.91,1029.83,-340.42
2019-04-03,Wed,TAS,117.32,977.38,-227.75
2019-04-04,Thu,TAS,123.06,1052.12,86.85
2019-04-05,Fri,TAS,116.65,1062.2,-453.35
2019-04-06,Sat,TAS,112.43,1063.07,-441.95
2019-04-07,Sun,TAS,122.89,986.23,-405.02
2019-04-08,Mon,TAS,115.8,1082.48,-258.1
2019-04-09,Tue,TAS,117.57,990.39,-456.18
2019-04-10,Wed,TAS,105.34,1034.46,-265.93
2019-04-11,Thu,TAS,122.19,1075.37,-293
2019-04-12,Fri,TAS,126.8,1077.08,-280.9
2019-04-13,Sat,TAS,89.69,1058.65,92.95
2019-04-14,Sun,TAS,120.75,983.33,-458.43
2019-04-15,Mon,TAS,88.42,964.09,55.42
2019-04-16,Tue,TAS,109.5,1000.91,-183.18
2019-04-17,Wed,TAS,136.26,1111.19,-199.28
2019-04-18,Thu,TAS,98.48,1054.78,-82.27
2019-04-19,Fri,TAS,77.37,953.48,-227.25
2019-04-20,Sat,TAS,91.51,894.76,-398.62
2019-04-21,Sun,TAS,68.34,991.1,-165.9
2019-04-22,Mon,TAS,101.92,1029.07,93.07
2019-04-23,Tue,TAS,82.98,1083.67,130
2019-04-24,Wed,TAS,54.93,1101.78,-99.57
2019-04-25,Thu,TAS,94.57,964.29,-409
2019-04-26,Fri,TAS,93.24,1059.51,-185.03
2019-04-27,Sat,TAS,60.52,1001.46,-234.48
2019-04-28,Sun,TAS,71.37,964.8,-104.97
2019-04-29,Mon,TAS,110.32,1152.84,107.3
2019-04-30,Tue,TAS,96.07,1022.92,-326.37
2019-05-01,Wed,TAS,78.11,1157.66,-88.47
2019-05-02,Thu,TAS,100.03,1107.24,125.1
2019-05-03,Fri,TAS,99.56,997.16,108.2
2019-05-04,Sat,TAS,74.51,1015.2,31.52
2019-05-05,Sun,TAS,98.83,1092.74,122.68
2019-05-06,Mon,TAS,103.26,1189.46,119.52
2019-05-07,Tue,TAS,69.55,1171.29,-396.47
2019-05-08,Wed,TAS,99.42,1000.03,115.05
2019-05-09,Thu,TAS,85.54,1180.71,154.2
2019-05-10,Fri,TAS,63.28,1175.29,-117.28
2019-05-11,Sat,TAS,79.82,949.41,-203.25
2019-05-12,Sun,TAS,67.6,1065.86,-140.78
2019-05-13,Mon,TAS,74.22,1124.42,99.75
2019-05-14,Tue,TAS,75.19,1122.29,161.43
2019-05-15,Wed,TAS,93.79,1097.28,104.65
2019-05-16,Thu,TAS,90.87,1164.39,-141.17
2019-05-17,Fri,TAS,91.05,1196.88,-209.45
2019-05-18,Sat,TAS,79.18,1039.26,-165.5
2019-05-19,Sun,TAS,92.4,1086.16,-447.95
2019-05-20,Mon,TAS,89.56,1253.36,-307.95
2019-05-21,Tue,TAS,99.61,1201.8,92.23
2019-05-22,Wed,TAS,101.53,1172.6,207.73
2019-05-23,Thu,TAS,64.02,1171.01,-159.58
2019-05-24,Fri,TAS,77.18,1224.06,-350.07
2019-05-25,Sat,TAS,57.83,1131.26,-211.28
2019-05-26,Sun,TAS,55.6,1167.69,-145.65
2019-05-27,Mon,TAS,85.55,1174.15,99.85
2019-05-28,Tue,TAS,94.37,1303.93,94.27
2019-05-29,Wed,TAS,79.25,1203.86,-223.7
2019-05-30,Thu,TAS,77.23,1192.55,59.48
2019-05-31,Fri,TAS,92.42,1143.95,114.02
2019-06-01,Sat,TAS,93.52,1119.63,238.97
2019-06-02,Sun,TAS,92.68,1319.74,0
2019-06-03,Mon,TAS,92.48,1265.09,0
2019-06-04,Tue,TAS,103.46,1275.62,96.7
2019-06-05,Wed,TAS,110.79,1276.78,194.72
2019-06-06,Thu,TAS,97.17,1101.15,438.9
2019-06-07,Fri,TAS,101.15,1246.86,439.83
2019-06-08,Sat,TAS,100.46,1243.84,121.87
2019-06-09,Sun,TAS,65.46,1215.68,-164.67
2019-06-10,Mon,TAS,32.46,1222.07,-63.25
2019-06-11,Tue,TAS,78.88,1262.16,87.03
2019-06-12,Wed,TAS,99.15,1293.34,118.88
2019-06-13,Thu,TAS,72.58,1149.04,248.52
2019-06-14,Fri,TAS,66.75,1145.46,226.45
2019-06-15,Sat,TAS,98.68,1192.46,-166.3
2019-06-16,Sun,TAS,93.71,1200.82,192.15
2019-06-17,Mon,TAS,78.51,1271.01,-285.25
2019-06-18,Tue,TAS,100.67,1242.6,184.62
2019-06-19,Wed,TAS,110.81,1302.73,459.02
2019-06-20,Thu,TAS,116.57,1300.47,361.6
2019-06-21,Fri,TAS,102.15,1313.94,265.42
2019-06-22,Sat,TAS,102.3,1261.89,197.25
2019-06-23,Sun,TAS,101.89,1332.78,257.18
2019-06-24,Mon,TAS,108.3,1398.95,100.88
2019-06-25,Tue,TAS,99.68,1346.38,118.58
2019-06-26,Wed,TAS,88.96,1215.55,-335.93
2019-06-27,Thu,TAS,93.13,1177.26,-406.22
2019-06-28,Fri,TAS,53.4,1181.87,-224.42
2019-06-29,Sat,TAS,56.94,1186.59,-172.3
2019-06-30,Sun,TAS,26.4,1134.83,-152.78
2019-07-01,Mon,TAS,93.95,1156.24,104.15
2019-07-02,Tue,TAS,79.85,1211.35,232.55
2019-07-03,Wed,TAS,94.08,1253.09,144.63
2019-07-04,Thu,TAS,69.66,1247.52,-130.5
2019-07-05,Fri,TAS,66.21,1185.96,-107.2
2019-07-06,Sat,TAS,61.69,1115.37,-261.65
2019-07-07,Sun,TAS,106.25,1225.41,280.77
2019-07-08,Mon,TAS,77.37,1256.24,181.9
2019-07-09,Tue,TAS,87.91,1135.5,362.18
2019-07-10,Wed,TAS,71.89,1163.07,296.35
2019-07-11,Thu,TAS,90.55,1165.04,310.28
2019-07-12,Fri,TAS,78.94,1265.9,264.08
2019-07-13,Sat,TAS,66.29,1202.35,149.22
2019-07-14,Sun,TAS,91.83,1289.2,121.77
2019-07-15,Mon,TAS,75.09,1253.67,272.02
2019-07-16,Tue,TAS,89.75,1154.24,397.6
2019-07-17,Wed,TAS,74.56,1223.1,172.63
2019-07-18,Thu,TAS,43,1281.47,201.2
2019-07-19,Fri,TAS,67.68,1198.07,384.97
2019-07-20,Sat,TAS,13.74,1167.51,160.7
2019-07-21,Sun,TAS,25.4,1113.84,333.28
2019-07-22,Mon,TAS,44.58,1187,276.4
2019-07-23,Tue,TAS,52.44,1225.36,304.98
2019-07-24,Wed,TAS,81.76,1104.31,438.62
2019-07-25,Thu,TAS,79.99,1145.63,349.15
2019-07-26,Fri,TAS,91.81,1142.52,439.7
2019-07-27,Sat,TAS,76.63,1242.2,106.27
2019-07-28,Sun,TAS,71.31,1189.48,90.02
2019-07-29,Mon,TAS,87.65,1250.59,271.63
2019-07-30,Tue,TAS,83.32,1247.58,119.03
2019-07-31,Wed,TAS,91.97,1175.64,169.47
2019-08-01,Thu,TAS,84.2,1180.71,400.83
2019-08-02,Fri,TAS,84.23,1190.59,462.22
2019-08-03,Sat,TAS,80.27,1138.79,449.6
2019-08-04,Sun,TAS,83.06,1247.96,257.48
2019-08-05,Mon,TAS,82.34,1270.82,152.38
2019-08-06,Tue,TAS,74.28,1264.9,138.93
2019-08-07,Wed,TAS,84.24,1157.91,209.97
2019-08-08,Thu,TAS,84.31,1292.38,-279.77
2019-08-09,Fri,TAS,105.94,1214.59,369.02
2019-08-10,Sat,TAS,82.33,1208.76,-254.83
2018-07-15,Sun,VIC,47.92,4621.56,542.22
2018-07-16,Mon,VIC,120.29,6104.97,-1207.29
2018-07-17,Tue,VIC,63.9,5459.18,-258.2
2018-07-18,Wed,VIC,54.56,5307.14,-68.96000000000004
2018-07-19,Thu,VIC,71.94,5599.83,-649.03
2018-07-20,Fri,VIC,68.75,5861.2,-1169.29
2018-07-21,Sat,VIC,68.79,5133.44,-998.24
2018-07-22,Sun,VIC,10.5,4157.16,419.4699999999999
2018-07-23,Mon,VIC,65,5806.45,-512.62
2018-07-24,Tue,VIC,63.52,5791.85,-496.3500000000001
2018-07-25,Wed,VIC,72.41,5693.2,-770.1600000000001
2018-07-26,Thu,VIC,69.91,5750.49,-670.31
2018-07-27,Fri,VIC,63.11,5147.29,-220.07999999999998
2018-07-28,Sat,VIC,31.95,4575.48,279.08000000000004
2018-07-29,Sun,VIC,12.61,4740.58,459.7600000000001
2018-07-30,Mon,VIC,54.79,5905.58,-286.31
2018-07-31,Tue,VIC,27.47,5283.65,201.58000000000004
2018-08-01,Wed,VIC,65.66,5400,-447.83
2018-08-02,Thu,VIC,36.69,4918.87,657.97
2018-08-03,Fri,VIC,69.91,5846.28,-625.87
2018-08-04,Sat,VIC,22.67,4857.72,375.33000000000004
2018-08-05,Sun,VIC,15.51,3804.6,841.99
2018-08-06,Mon,VIC,77.56,5320.43,-829.7600000000001
2018-08-07,Tue,VIC,58.15,5520.64,-195.60000000000014
2018-08-08,Wed,VIC,62.37,5625.97,-305.47999999999996
2018-08-09,Thu,VIC,62.56,5475.45,-186.86
2018-08-10,Fri,VIC,19.22,4762.49,522.69
2018-08-11,Sat,VIC,33.9,4818.01,270.58000000000004
2018-08-12,Sun,VIC,24.44,4564.87,326.78
2018-08-13,Mon,VIC,65.17,5501.53,-47.880000000000024
2018-08-14,Tue,VIC,21.16,4635.58,39.05000000000007
2018-08-15,Wed,VIC,58.71,4993.69,-71.5100000000001
2018-08-16,Thu,VIC,106.02,5457.53,-593.2299999999999
2018-08-17,Fri,VIC,26.79,4895.82,-23.389999999999986
2018-08-18,Sat,VIC,8.96,4501.89,365.65999999999997
2018-08-19,Sun,VIC,13.6,4712.24,672.57
2018-08-20,Mon,VIC,75.73,6201.3,-367.97999999999996
2018-08-21,Tue,VIC,77.93,5938.34,-953.5699999999999
2018-08-22,Wed,VIC,80.83,5693.11,-1077.9
2018-08-23,Thu,VIC,82.27,5366.78,-442.47
2018-08-24,Fri,VIC,72.19,4847.21,-496.68000000000006
2018-08-25,Sat,VIC,107,4143.05,96.11000000000001
2018-08-26,Sun,VIC,41.75,3951.6,347.74
2018-08-27,Mon,VIC,90.44,5335.09,-673.55
2018-08-28,Tue,VIC,93.16,5651.45,-834.98
2018-08-29,Wed,VIC,64.46,5178.9,-640.73
2018-08-30,Thu,VIC,93.14,6360,-173.2
2018-08-31,Fri,VIC,96.48,5665.22,-764.1200000000001
2018-09-01,Sat,VIC,85.35,4886.81,-993.75
2018-09-02,Sun,VIC,117.12,4731.36,-986.03
2018-09-03,Mon,VIC,128.98,5272.55,-335.70000000000005
2018-09-04,Tue,VIC,96.53,4985.37,-648.94
2018-09-05,Wed,VIC,98.41,4794.06,-118.13999999999999
2018-09-06,Thu,VIC,134.47,4789.02,-1029.16
2018-09-07,Fri,VIC,108.3,4920.25,-813.6099999999999
2018-09-08,Sat,VIC,57.85,3926.95,-87.44000000000005
2018-09-09,Sun,VIC,53.24,4413.77,48.440000000000055
2018-09-10,Mon,VIC,76.91,5205.05,-520.53
2018-09-11,Tue,VIC,63.03,4434.37,561.7199999999999
2018-09-12,Wed,VIC,59.97,4550.73,-317.83000000000004
2018-09-13,Thu,VIC,59.11,4628.26,144.55000000000007
2018-09-14,Fri,VIC,36,4347.75,379.03999999999996
2018-09-15,Sat,VIC,36.1,4489.76,370.85
2018-09-16,Sun,VIC,48.38,4299.97,-4.800000000000011
2018-09-17,Mon,VIC,-57.87,4455.62,-135.96000000000004
2018-09-18,Tue,VIC,73.36,5210.99,-691.98
2018-09-19,Wed,VIC,69.65,4985.18,-556.8799999999999
2018-09-20,Thu,VIC,89.78,4867.94,-484.53000000000003
2018-09-21,Fri,VIC,61.78,4601.6,-107.09999999999997
2018-09-22,Sat,VIC,53,3966.03,133.58000000000004
2018-09-23,Sun,VIC,56.77,4169,-23.579999999999984
2018-09-24,Mon,VIC,75.7,4772.21,-469.32000000000005
2018-09-25,Tue,VIC,92.18,5077.5,-630.96
2018-09-26,Wed,VIC,123.82,4663.33,-297.76
2018-09-27,Thu,VIC,74.85,4434.69,-109.83000000000001
2018-09-28,Fri,VIC,52.39,4361.61,229.32
2018-09-29,Sat,VIC,60.27,4201.82,177.48000000000002
2018-09-30,Sun,VIC,62.71,3806.82,-89.22000000000003
2018-10-01,Mon,VIC,95.5,4612.59,-505.05999999999995
2018-10-02,Tue,VIC,74.6,4773.71,-266.91
2018-10-03,Wed,VIC,106.57,4998.44,-725.83
2018-10-04,Thu,VIC,88.09,4787.64,119.69000000000005
2018-10-05,Fri,VIC,92.24,4532.88,165.73000000000002
2018-10-06,Sat,VIC,176.96,3976.13,-33.059999999999945
2018-10-07,Sun,VIC,64.24,4211.08,-27.00999999999999
2018-10-08,Mon,VIC,98.4,5183.6,-513.5799999999999
2018-10-09,Tue,VIC,89.8,5123.69,-373.86
2018-10-10,Wed,VIC,92.09,4346.13,294.68
2018-10-11,Thu,VIC,68.41,4326.81,303.92999999999995
2018-10-12,Fri,VIC,85.29,4473.7,154.15000000000003
2018-10-13,Sat,VIC,67.36,3864.57,164.79
2018-10-14,Sun,VIC,49.48,3803.15,421.01
2018-10-15,Mon,VIC,80.8,5103.15,-566
2018-10-16,Tue,VIC,89.63,5223.04,-472.53999999999996
2018-10-17,Wed,VIC,169.36,4836.92,152.35000000000002
2018-10-18,Thu,VIC,123.95,4896,118.23000000000002
2018-10-19,Fri,VIC,102.66,4749.53,17.25999999999999
2018-10-20,Sat,VIC,42.83,4027.98,615.01
2018-10-21,Sun,VIC,77.53,3732.08,469.91
2018-10-22,Mon,VIC,59.48,4476.6,195.64999999999998
2018-10-23,Tue,VIC,57.9,4427.17,319.64
2018-10-24,Wed,VIC,84.16,4481.07,-152.94000000000005
2018-10-25,Thu,VIC,107.34,4680.78,-234.17999999999995
2018-10-26,Fri,VIC,98.02,4450.51,65.54999999999995
2018-10-27,Sat,VIC,64.02,3860.65,359.59000000000003
2018-10-28,Sun,VIC,70.31,3624.07,272.51
2018-10-29,Mon,VIC,115.46,4492.68,-35.639999999999986
2018-10-30,Tue,VIC,103.62,4799.19,-332.86
2018-10-31,Wed,VIC,162.55,5028.87,110.12
2018-11-01,Thu,VIC,117.54,5607.41,44.00000000000006
2018-11-02,Fri,VIC,101.01,5456.2,64.92000000000007
2018-11-03,Sat,VIC,65.58,3623.72,920.94
2018-11-04,Sun,VIC,69.23,3803.19,430.53999999999996
2018-11-05,Mon,VIC,80.94,4779.69,276.25
2018-11-06,Tue,VIC,56.08,4053.39,633.55
2018-11-07,Wed,VIC,63.37,4440.59,241.63
2018-11-08,Thu,VIC,65.7,4448.1,-349.74
2018-11-09,Fri,VIC,84.21,4541.36,-171.99
2018-11-10,Sat,VIC,62.81,3873.29,246.43000000000006
2018-11-11,Sun,VIC,58.72,3680.99,508.61
2018-11-12,Mon,VIC,148.87,5382.13,-605.32
2018-11-13,Tue,VIC,86.51,5590.21,-498.94999999999993
2018-11-14,Wed,VIC,94.01,5082.08,-201.80000000000007
2018-11-15,Thu,VIC,76.98,4490.68,48.05000000000001
2018-11-16,Fri,VIC,80.48,4399.76,354.03000000000003
2018-11-17,Sat,VIC,77.51,3440.72,255.60000000000005
2018-11-18,Sun,VIC,79.77,3877.7,-449.42
2018-11-19,Mon,VIC,149.89,5643.16,-871.8199999999999
2018-11-20,Tue,VIC,120.92,5820.13,-1225.8000000000002
2018-11-21,Wed,VIC,73.17,4512.69,-630.24
2018-11-22,Thu,VIC,55.08,4439.57,-32.099999999999994
2018-11-23,Fri,VIC,65.02,5115.09,-579.55
2018-11-24,Sat,VIC,108.25,4179.01,-772.65
2018-11-25,Sun,VIC,70.12,3759.43,-308.52
2018-11-26,Mon,VIC,100.88,4636.1,-897.56
2018-11-27,Tue,VIC,83.53,4754.48,-482.42
2018-11-28,Wed,VIC,61.91,4506.54,113.05000000000001
2018-11-29,Thu,VIC,93.22,4703.35,-269.91
2018-11-30,Fri,VIC,67.36,4470.54,-12.559999999999945
2018-12-01,Sat,VIC,20.8,4296.57,625.1800000000001
2018-12-02,Sun,VIC,-5,3599.1,755.4300000000001
2018-12-03,Mon,VIC,85.48,4711.48,258.84999999999997
2018-12-04,Tue,VIC,121.35,4753.1,151.62
2018-12-05,Wed,VIC,138.95,5070.05,-254.52999999999997
2018-12-06,Thu,VIC,311.86,6828.38,-792.9300000000001
2018-12-07,Fri,VIC,69.41,8303.7,-856.2
2018-12-08,Sat,VIC,144.16,5812.52,-1310.53
2018-12-09,Sun,VIC,82.22,4534.25,-622.8
2018-12-10,Mon,VIC,100.1,4839.18,-783.45
2018-12-11,Tue,VIC,138.9,5175.54,-707.1
2018-12-12,Wed,VIC,315.33,6810.69,-869.6899999999999
2018-12-13,Thu,VIC,101.89,5044.42,-241.74
2018-12-14,Fri,VIC,114.5,4988.22,-1281.7299999999998
2018-12-15,Sat,VIC,76.05,4086.91,381.1099999999999
2018-12-16,Sun,VIC,105.86,4269.62,-541.1600000000001
2018-12-17,Mon,VIC,108.62,5162.35,158.55
2018-12-18,Tue,VIC,97.06,5020.95,148.29999999999995
2018-12-19,Wed,VIC,290,5788.96,-296.36
2018-12-20,Thu,VIC,75.94,4703.01,302.75
2018-12-21,Fri,VIC,60.14,4262.51,673.9
2018-12-22,Sat,VIC,57.84,3565.71,1238.07
2018-12-23,Sun,VIC,52.67,3827.01,776.7
2018-12-24,Mon,VIC,130.09,5408.72,-279.8499999999999
2018-12-25,Tue,VIC,55.84,4284.93,462.27
2018-12-26,Wed,VIC,97.05,4394.62,402.62
2018-12-27,Thu,VIC,129.05,7021.48,-420.71000000000004
2018-12-28,Fri,VIC,244.62,6800.85,-577.93
2018-12-29,Sat,VIC,87.14,4748.2,-47.95000000000002
2018-12-30,Sun,VIC,103.04,4307.1,679.04
2018-12-31,Mon,VIC,88.23,4816.93,411.56
2019-01-01,Tue,VIC,88.23,4406.7,604.2
2019-01-02,Wed,VIC,100,4789.12,733.59
2019-01-03,Thu,VIC,124.26,5650.26,607.61
2019-01-04,Fri,VIC,222.08,8008.76,-1375.71
2019-01-05,Sat,VIC,37.63,3722.66,886.26
2019-01-06,Sun,VIC,58.9,3648.94,859.26
2019-01-07,Mon,VIC,88.54,5057.09,180.05000000000007
2019-01-08,Tue,VIC,104.37,5179.08,-117.69000000000005
2019-01-09,Wed,VIC,99.31,4407.52,492.65999999999997
2019-01-10,Thu,VIC,107.13,4816.54,-308.5
2019-01-11,Fri,VIC,153.19,5695.76,-193.87
2019-01-12,Sat,VIC,109.15,4905.99,410.47
2019-01-13,Sun,VIC,64.63,4629.06,570.94
2019-01-14,Mon,VIC,230.16,8119.29,-702.5699999999999
2019-01-15,Tue,VIC,146.79,8029.52,-164.11
2019-01-16,Wed,VIC,122.14,6600.47,-193.82999999999998
2019-01-17,Thu,VIC,226.94,7375.4,270.5299999999999
2019-01-18,Fri,VIC,182.39,6391.01,-87.29000000000002
2019-01-19,Sat,VIC,69.45,4118.87,837.52
2019-01-20,Sun,VIC,76.73,4383.29,706.78
2019-01-21,Mon,VIC,260.53,6531.95,50.90999999999997
2019-01-22,Tue,VIC,293.07,7282.03,133.62999999999997
2019-01-23,Wed,VIC,152.98,5983.88,705.1100000000001
2019-01-24,Thu,VIC,494.51,8369.76,-344.21000000000004
2019-01-25,Fri,VIC,293.33,8330.17,-1098.39
2019-01-26,Sat,VIC,213.25,5195.51,-383.88
2019-01-27,Sun,VIC,64.37,4139.98,455.7
2019-01-28,Mon,VIC,196.5,5401.84,-556.67
2019-01-29,Tue,VIC,300,7508.53,-1129.12
2019-01-30,Wed,VIC,291.67,8119.42,-1172.56
2019-01-31,Thu,VIC,112.07,4676.24,470
2019-02-01,Fri,VIC,92.86,4457.89,-36.23999999999995
2019-02-02,Sat,VIC,297.71,6294.02,-307.72
2019-02-03,Sun,VIC,111.32,7468.97,-145.68
2019-02-04,Mon,VIC,139.12,5542.23,536.59
2019-02-05,Tue,VIC,101.42,5447.6,289.34999999999997
2019-02-06,Wed,VIC,290,7525.98,-351.99
2019-02-07,Thu,VIC,132.36,6965.35,-311.93999999999994
2019-02-08,Fri,VIC,106.88,5047.71,-27.640000000000043
2019-02-09,Sat,VIC,-11.25,3626.02,658.98
2019-02-10,Sun,VIC,60.2,3649.75,945.78
2019-02-11,Mon,VIC,99.12,5220.86,120.20999999999998
2019-02-12,Tue,VIC,10.07,4478.11,561.21
2019-02-13,Wed,VIC,81.67,4430.48,869.9099999999999
2019-02-14,Thu,VIC,99.21,4431.22,177.51000000000002
2019-02-15,Fri,VIC,116.71,5166.87,176.40999999999997
2019-02-16,Sat,VIC,111.31,4570.68,103.28999999999999
2019-02-17,Sun,VIC,113.52,4931.36,549.3600000000001
2019-02-18,Mon,VIC,102.29,5041.35,410.48
2019-02-19,Tue,VIC,109.92,4684.07,447.40000000000003
2019-02-20,Wed,VIC,99.13,4568.22,274.28999999999996
2019-02-21,Thu,VIC,100,4676.47,-5.789999999999978
2019-02-22,Fri,VIC,113.93,4643.05,50.120000000000005
2019-02-23,Sat,VIC,48.36,4110.98,458.0299999999999
2019-02-24,Sun,VIC,120.64,4977.52,14.689999999999998
2019-02-25,Mon,VIC,312.72,6780.7,-522.96
2019-02-26,Tue,VIC,147.94,5645.27,490.68000000000006
2019-02-27,Wed,VIC,142.76,5991.71,335.69999999999993
2019-02-28,Thu,VIC,301.79,7978.7,-129.26
2019-03-01,Fri,VIC,251.94,8705.54,-343.91
2019-03-02,Sat,VIC,264.9,7540.74,374.65
2019-03-03,Sun,VIC,248.78,7674.69,-316.97999999999996
2019-03-04,Mon,VIC,148.96,6851.83,-289.63
2019-03-05,Tue,VIC,113.03,5747.71,23.279999999999973
2019-03-06,Wed,VIC,51.05,4530.88,942.2900000000001
2019-03-07,Thu,VIC,110.6,4780.24,87.48999999999998
2019-03-08,Fri,VIC,117.46,5503.65,-75.45000000000002
2019-03-09,Sat,VIC,50.1,4521.47,482.41
2019-03-10,Sun,VIC,66.44,4341.61,953.0999999999999
2019-03-11,Mon,VIC,37.93,4256.29,889.8
2019-03-12,Tue,VIC,72.59,4670.6,818.3599999999999
2019-03-13,Wed,VIC,111.19,4989.41,-297.23999999999995
2019-03-14,Thu,VIC,115.48,4682.49,168.01000000000002
2019-03-15,Fri,VIC,112.07,4618.63,461.94
2019-03-16,Sat,VIC,96.17,4489.49,208.94000000000005
2019-03-17,Sun,VIC,118.89,4662.13,-41.28999999999999
2019-03-18,Mon,VIC,127.09,5749.43,-70.73000000000002
2019-03-19,Tue,VIC,102.18,5598.37,22.180000000000035
2019-03-20,Wed,VIC,130.21,5698.41,189.08
2019-03-21,Thu,VIC,127.18,5736.24,-65.5
2019-03-22,Fri,VIC,138.82,6291.13,-50.39999999999998
2019-03-23,Sat,VIC,146.03,4864.55,236.77999999999997
2019-03-24,Sun,VIC,105.03,4834.91,563.46
2019-03-25,Mon,VIC,84.31,4316.7,973.1099999999999
2019-03-26,Tue,VIC,89.85,4489.53,182.65000000000003
2019-03-27,Wed,VIC,99.01,4702.14,120.21999999999997
2019-03-28,Thu,VIC,102.64,5019.34,139.27999999999997
2019-03-29,Fri,VIC,90.67,5035.4,28.920000000000016
2019-03-30,Sat,VIC,50.1,4004.02,878.0899999999999
2019-03-31,Sun,VIC,70.32,4367.9,-102.29999999999997
2019-04-01,Mon,VIC,107.97,4870.28,-556.87
2019-04-02,Tue,VIC,109.73,4714.57,-323.95
2019-04-03,Wed,VIC,115.33,5273.5,219.48999999999998
2019-04-04,Thu,VIC,118.84,5097.55,-186.77999999999997
2019-04-05,Fri,VIC,94.49,5158.45,-298.55
2019-04-06,Sat,VIC,96.74,4106.41,-34.670000000000016
2019-04-07,Sun,VIC,20.28,3545.27,657.45
2019-04-08,Mon,VIC,113.28,4680.24,244.25000000000006
2019-04-09,Tue,VIC,100.37,4695.64,237.51
2019-04-10,Wed,VIC,100.73,5182.7,-104.22999999999999
2019-04-11,Thu,VIC,116.44,4753.27,107.00000000000003
2019-04-12,Fri,VIC,121.47,4596.85,-466.42
2019-04-13,Sat,VIC,86.46,4188.27,-511.86
2019-04-14,Sun,VIC,106.46,3960.8,-149.82000000000002
2019-04-15,Mon,VIC,105.32,5180.66,-268.25
2019-04-16,Tue,VIC,113.89,5461.02,76.38000000000001
2019-04-17,Wed,VIC,150.91,5665.98,-268.71000000000004
2019-04-18,Thu,VIC,115.81,4882.42,-329.97
2019-04-19,Fri,VIC,78.2,3759.24,253.64999999999998
2019-04-20,Sat,VIC,86.31,4024.66,256.15999999999997
2019-04-21,Sun,VIC,77.8,4121.88,188.31
2019-04-22,Mon,VIC,101.17,4245.7,-62.999999999999986
2019-04-23,Tue,VIC,86.16,4947.17,-89.22
2019-04-24,Wed,VIC,76.15,4846.99,0.3499999999999943
2019-04-25,Thu,VIC,39.54,3802.82,1115.87
2019-04-26,Fri,VIC,50.7,4306.7,340.52000000000004
2019-04-27,Sat,VIC,58.71,4314.34,64.51999999999998
2019-04-28,Sun,VIC,76.52,4172.29,-153.22000000000003
2019-04-29,Mon,VIC,112.52,4778.53,-741.75
2019-04-30,Tue,VIC,91.8,4540.83,-48.25999999999996
2019-05-01,Wed,VIC,99.23,4857.83,-389.64
2019-05-02,Thu,VIC,103.46,4806.69,-291.55999999999995
2019-05-03,Fri,VIC,95.96,4560.38,-812.77
2019-05-04,Sat,VIC,75.79,4233.68,-308.91999999999996
2019-05-05,Sun,VIC,101.84,4155.63,-612.04
2019-05-06,Mon,VIC,107.06,5065.27,-1125.79
2019-05-07,Tue,VIC,64.99,4591.09,-359.28
2019-05-08,Wed,VIC,95.82,5062.55,-622.24
2019-05-09,Thu,VIC,89.25,5337.43,-491.94
2019-05-10,Fri,VIC,88.62,5576.48,-138.15999999999997
2019-05-11,Sat,VIC,78.91,4678.35,-467.28
2019-05-12,Sun,VIC,71.55,4469.58,-6.840000000000032
2019-05-13,Mon,VIC,70.23,4904,229.70999999999998
2019-05-14,Tue,VIC,77.81,5150.8,-219.3
2019-05-15,Wed,VIC,95,5179.79,132.03999999999996
2019-05-16,Thu,VIC,98.11,5061.02,40.14999999999998
2019-05-17,Fri,VIC,88.07,4993.64,42.43000000000001
2019-05-18,Sat,VIC,82.29,4189.36,-335.52
2019-05-19,Sun,VIC,67.15,3916.49,67.54999999999998
2019-05-20,Mon,VIC,78.73,5154.07,-321.1
2019-05-21,Tue,VIC,97.17,5129.86,-843.22
2019-05-22,Wed,VIC,106.75,5006.59,-672.47
2019-05-23,Thu,VIC,71.63,4821.92,-211.25999999999996
2019-05-24,Fri,VIC,73.2,5002.93,-133.73000000000002
2019-05-25,Sat,VIC,57.54,4186.46,32.26000000000002
2019-05-26,Sun,VIC,51.1,4327.92,475.90000000000003
2019-05-27,Mon,VIC,80.04,5601.69,-291.76
2019-05-28,Tue,VIC,77.61,5841.06,-887.26
2019-05-29,Wed,VIC,75.17,5944,-311.82000000000005
2019-05-30,Thu,VIC,80.45,5982.9,-464.12
2019-05-31,Fri,VIC,95.85,5884.01,-217.5
2019-06-01,Sat,VIC,99.47,5012.24,-225.29
2019-06-02,Sun,VIC,96.7,4718.26,-202.80000000000007
2019-06-03,Mon,VIC,78.22,6191.28,-716.25
2019-06-04,Tue,VIC,102.98,5705.34,-171.01
2019-06-05,Wed,VIC,116.98,6033.81,-161.71
2019-06-06,Thu,VIC,122.83,5738.04,-377.24
2019-06-07,Fri,VIC,116.82,5187.2,-535.1800000000001
2019-06-08,Sat,VIC,103.48,4300.43,335.62
2019-06-09,Sun,VIC,66.87,4232.71,805.3
2019-06-10,Mon,VIC,49.08,4363.08,786.6099999999999
2019-06-11,Tue,VIC,47.35,4851.72,495.16
2019-06-12,Wed,VIC,73.22,5887.52,-345.61999999999995
2019-06-13,Thu,VIC,77.3,5237.51,-199.25
2019-06-14,Fri,VIC,70.83,5205.71,-245.18999999999994
2019-06-15,Sat,VIC,106.27,4905.53,-374.17999999999995
2019-06-16,Sun,VIC,98.68,4561.87,-168.92000000000002
2019-06-17,Mon,VIC,74.97,5147.77,48.99000000000001
2019-06-18,Tue,VIC,105.65,6200.63,-567.78
2019-06-19,Wed,VIC,141.67,6109.81,-436.38
2019-06-20,Thu,VIC,128.72,6502.03,-49.610000000000035
2019-06-21,Fri,VIC,108.9,5989.85,-256.34000000000003
2019-06-22,Sat,VIC,108.43,5498.65,-445.21999999999997
2019-06-23,Sun,VIC,108.53,5324.23,-761.64
2019-06-24,Mon,VIC,108.43,5833.93,-394.21999999999997
2019-06-25,Tue,VIC,102.98,5808.45,-814.31
2019-06-26,Wed,VIC,84.24,5377.95,-247.49
2019-06-27,Thu,VIC,52.33,5025.29,317.19000000000005
2019-06-28,Fri,VIC,51.36,4903.09,386.84999999999997
2019-06-29,Sat,VIC,57.68,5342.81,-45.199999999999974
2019-06-30,Sun,VIC,31.46,4678.6,545.8100000000001
2019-07-01,Mon,VIC,64.67,5749.31,-326.75000000000006
2019-07-02,Tue,VIC,85.99,5856.84,-263.28000000000003
2019-07-03,Wed,VIC,99.1,5901.41,-431.13000000000005
2019-07-04,Thu,VIC,75.17,5342.71,-260.73
2019-07-05,Fri,VIC,73.11,5215.78,-293.19
2019-07-06,Sat,VIC,59.44,4359.47,144.56999999999996
2019-07-07,Sun,VIC,115.62,4899.21,-789.6899999999999
2019-07-08,Mon,VIC,81.95,5251.2,-522.3299999999999
2019-07-09,Tue,VIC,112.62,5723.18,-679.21
2019-07-10,Wed,VIC,77.95,5533.34,-440.74
2019-07-11,Thu,VIC,98.64,5849.39,-797.22
2019-07-12,Fri,VIC,85.37,5391.64,-683.9200000000001
2019-07-13,Sat,VIC,70.08,5122.21,-651.79
2019-07-14,Sun,VIC,79.92,5334.82,-468.81
2019-07-15,Mon,VIC,81.31,5724.37,-435.58000000000004
2019-07-16,Tue,VIC,99.1,5782.5,-303.28000000000003
2019-07-17,Wed,VIC,79.13,5852.74,-1014.29
2019-07-18,Thu,VIC,45.83,5370.86,-550.7900000000001
2019-07-19,Fri,VIC,75.86,5126.89,-912.05
2019-07-20,Sat,VIC,2.03,3959.35,203.33000000000004
2019-07-21,Sun,VIC,27.79,4300.81,21.889999999999986
2019-07-22,Mon,VIC,46.53,4790.81,-266.9
2019-07-23,Tue,VIC,57.06,5523.94,-888.6100000000001
2019-07-24,Wed,VIC,95.19,5737.38,-945.34
2019-07-25,Thu,VIC,88.01,5638.8,-852.23
2019-07-26,Fri,VIC,113.87,6027.38,-830.68
2019-07-27,Sat,VIC,78.23,5000.69,-585.13
2019-07-28,Sun,VIC,58.25,4506.69,-334.02000000000004
2019-07-29,Mon,VIC,94.83,5544.28,-594.8399999999999
2019-07-30,Tue,VIC,87.56,5767.73,-448.44
2019-07-31,Wed,VIC,97.54,5542.56,-241.75
2019-08-01,Thu,VIC,94.86,5589.05,-720.89
2019-08-02,Fri,VIC,121.25,5617.79,-828.3
2019-08-03,Sat,VIC,101.7,4984.9,-726.61
2019-08-04,Sun,VIC,91.23,4955.57,-1017.75
2019-08-05,Mon,VIC,86.98,4978.02,-853.1300000000001
2019-08-06,Tue,VIC,77.39,5793.72,-1149.1599999999999
2019-08-07,Wed,VIC,90.05,5537.48,-996.53
2019-08-08,Thu,VIC,83.09,5416.82,-606.3100000000001
2019-08-09,Fri,VIC,117.67,6419.31,-1031.19
2019-08-10,Sat,VIC,82.68,5166.01,-351.52
